"batch","phrase","status","initial_status","returned_count","exact_domain_positions","exact_domain_matches_json","result_sources_json"
"1","The Glam by Ankita","checked","checked","10","","[]","[{""position"":1,""title"":""Glam (magazine) - Wikipedia"",""url"":""https://en.wikipedia.org/wiki/Glam_(magazine)""},{""position"":2,""title"":""\n      Saaj By Ankita : Shop Vibrant Bridal and Trousseau looks.\n"",""url"":""https://www.saajbyankita.com/""},{""position"":3,""title"":""Ankita Mishra - Facebook"",""url"":""https://www.facebook.com/ankita.mishra.927320""},{""position"":4,""title"":""The Glam"",""url"":""https://bytheglam.com/en""},{""position"":5,""title"":""Living for the glam life. . . . . #ankitakhare #photography ..."",""url"":""https://www.instagram.com/p/C183oQMMEuZ?hl=en""},{""position"":6,""title"":""Makeup by Rowyn LLC | My 12/31/24 NYE bride ..."",""url"":""https://www.instagram.com/p/DFBAwvCR2KI""},{""position"":7,""title"":""Pamper feels best when shared with a loved one. 💕 Get ..."",""url"":""https://www.instagram.com/p/DUmv-acjHqg?hl=en""},{""position"":8,""title"":""Urban Asian’s Top 30 Women of Television 2025"",""url"":""https://urbanasian.com/entertainment/indian-tv-news/2025/12/urban-asians-top-30-women-of-television-2025""},{""position"":9,""title"":""UGC | Hi! I'm Ankita 🫶🏽 Welcome to my tiny, honest corner ..."",""url"":""https://www.instagram.com/p/DTqVPAgiDhw""},{""position"":10,""title"":""WeddingNama by Ankita & Akash | Crashing his Baraat on an ..."",""url"":""https://www.instagram.com/reel/C29vnRMv4xQ?hl=en""}]"
"1","The Glam by Ankita Melbourne","checked","checked","10","","[]","[{""position"":1,""title"":""Unlimited Entertainment season 3, har Sat-Sun raat 9 baje ..."",""url"":""https://www.instagram.com/reel/DWi6d1jDSOy?hl=en""},{""position"":2,""title"":""Look at some glimpses of an angel ❤️    ✌️ #instagram ..."",""url"":""https://www.instagram.com/p/DJn_dXYPwNN""},{""position"":3,""title"":""Ankita Mishra - Facebook"",""url"":""https://www.facebook.com/ankita.mishra.927320""},{""position"":4,""title"":""Ankita | Makeup Artist (@prettylooksbyankita)"",""url"":""https://www.google.com/goto?url=CAESZgHuR6pNrDbnAwnOMiUIxN8aXFFa7QE2l1poc96YBCemjvt0u1Xqkmryo-OSXJNirbypLdbyWwymlzrV-C95zYIl-16vLIfvOmIs_Z568UB1RMBynnvuD7FwVVVDohTaLhy32-iMNg%3D%3D""},{""position"":5,""title"":""Ankita Dhingra serving lessons in glam — bold eyes ..."",""url"":""https://www.instagram.com/p/DMXrpXBxjXB""},{""position"":6,""title"":""ankita.t.awasthi"",""url"":""https://www.instagram.com/ankita.t.awasthi""},{""position"":7,""title"":""The Glam"",""url"":""https://bytheglam.com/en""},{""position"":8,""title"":""A star-studded extravaganza | Hindustan Times"",""url"":""https://www.hindustantimes.com/brand-post/a-star-studded-extravaganza/story-yZDgsBlrTbm0QOmxNzqDyJ.html""},{""position"":9,""title"":""Glam Culture | Melbourne FL | Facebook"",""url"":""https://www.facebook.com/glamculturefl""},{""position"":10,""title"":""Urban Asian’s Top 30 Women of Television 2025"",""url"":""https://urbanasian.com/entertainment/indian-tv-news/2025/12/urban-asians-top-30-women-of-television-2025""}]"
"1","The Glam by Ankita makeup","checked","checked","10","","[]","[{""position"":1,""title"":""Ankita Makeup | Professional Makeup Artist | Ankita Makeup"",""url"":""https://ankitamakeup.vercel.app/""},{""position"":2,""title"":""The Glam Edition: Luxury Perfumes, Makeup & Skin Care ..."",""url"":""https://theglamedition.com/""},{""position"":3,""title"":""Ankita | Makeup Artist (@prettylooksbyankita)"",""url"":""https://www.google.com/goto?url=CAESZgHuR6pNrDbnAwnOMiUIxN8aXFFa7QE2l1poc96YBCemjvt0u1Xqkmryo-OSXJNirbypLdbyWwymlzrV-C95zYIl-16vLIfvOmIs_Z568UB1RMBynnvuD7FwVVVDohTaLhy32-iMNg%3D%3D""},{""position"":4,""title"":""Makeup by Ankita Srivastava | Mumbai"",""url"":""https://www.facebook.com/makeupbyankitasrivastava""},{""position"":5,""title"":""the Glam"",""url"":""https://linkedin.com/company/the-glam""},{""position"":6,""title"":""Ankita Dhingra serving lessons in glam — bold eyes ..."",""url"":""https://www.instagram.com/p/DMXrpXBxjXB""},{""position"":7,""title"":""Ankita Lokhande in thigh-slit green dress attends Lock Upp bash with husband Vicky Jain: See pics and video | Fashion Trends"",""url"":""https://www.hindustantimes.com/lifestyle/fashion/ankita-lokhande-in-thigh-slit-green-dress-attends-lock-upp-bash-with-husband-vicky-jain-see-pics-and-video-101652068227249.html""},{""position"":8,""title"":""Ankita | Airblack Certified"",""url"":""https://www.airblack.com/member/ab.1627451627911""},{""position"":9,""title"":""Bollywood Beauty Is Going Global, From Soft Glam Eyes To A Best-Selling Lipstick | Glamour UK"",""url"":""https://getofftheroad.co.uk/article/bollywood-beauty""},{""position"":10,""title"":""Glam by AK (@GlambyAK) / Posts / X - Twitter"",""url"":""https://x.com/GlambyAK""}]"
"1","The Glam by Ankita Southbank","checked","checked","10","","[]","[{""position"":1,""title"":""Glam (magazine) - Wikipedia"",""url"":""https://en.wikipedia.org/wiki/Glam_(magazine)""},{""position"":2,""title"":""The Glam"",""url"":""https://bytheglam.com/en""},{""position"":3,""title"":""Glowing from every angle. It was a pleasure creating this ..."",""url"":""https://www.instagram.com/reel/DbSzdrpP9TM""},{""position"":4,""title"":""Glam"",""url"":""https://glamwomensclothing.com/""},{""position"":5,""title"":""Face of The Glam Boutique 2013"",""url"":""https://www.youtube.com/watch?v=GC8NkPMWZrU""},{""position"":6,""title"":""Search (Tìm kiếm)"",""url"":""https://glamtouch.co.uk/vi/search""},{""position"":7,""title"":""“Ankita Lokhande's review after the glam” I asked for ..."",""url"":""https://www.instagram.com/reel/DW6E8ExiZv_""},{""position"":8,""title"":""YOU'RE INVITED TO THE GRAND OPENING OF THE GLAM ..."",""url"":""https://www.instagram.com/reel/DaTFaEvq5ER""},{""position"":9,""title"":""Living for the glam life. . . . . #ankitakhare #photography # ..."",""url"":""https://www.instagram.com/p/C183oQMMEuZ?hl=en""},{""position"":10,""title"":""Ankita Lokhande & Vicky Jain Serve Couple Goals at Glam ... Instagram · tellymasala 1.1K+ likes · 3 months ago"",""url"":""https://www.instagram.com/reel/DXCqpVSgJ-p?hl=hi""}]"
"1","The Glam by Ankita bridal","checked","checked","10","","[]","[{""position"":1,""title"":""Bridal Collection"",""url"":""https://glambynanie.com/bridal-collection""},{""position"":2,""title"":""Look at some glimpses of an angel ❤️    ✌️ #instagram ..."",""url"":""https://www.instagram.com/p/DJn_dXYPwNN""},{""position"":3,""title"":""Hello, lovely brides! 🤍💍 I'm Anna, the owner of Glam by ..."",""url"":""https://www.facebook.com/groups/NorthGeorgiaWeddings/posts/3903243779818314""},{""position"":4,""title"":""The Glam Girly"",""url"":""https://theglamgirly.com/""},{""position"":5,""title"":""The Glam | Glamd Up By Drea"",""url"":""https://glamdupbydrea.wixsite.com/website/the-glam""},{""position"":6,""title"":""Pure bridal elegance from every single angle. 🤍 Glam by"",""url"":""https://www.instagram.com/p/DaNqQjYkWyL""},{""position"":7,""title"":""“Ankita Lokhande's review after the glam” I asked for ..."",""url"":""https://www.instagram.com/reel/DW6E8ExiZv_""},{""position"":8,""title"":""WeddingNama by Ankita & Akash | Crashing his Baraat on an ..."",""url"":""https://www.instagram.com/reel/C29vnRMv4xQ?hl=en""},{""position"":9,""title"":""Glam by Nanie | Houston Bridal Shop - Makeup & Hair"",""url"":""https://www.glambynanie.com/""},{""position"":10,""title"":""Bringing her dream bridal glam to life. ..."",""url"":""https://www.instagram.com/p/DbRbLkJgRBr""}]"
"1","The Glam by Ankita services","checked","checked","10","","[]","[{""position"":1,""title"":""Services — The Glam Bar"",""url"":""https://www.theglambarsg.com/services""},{""position"":2,""title"":""blushandglamsalonbyankita"",""url"":""https://www.instagram.com/p/DXG-p0Rkf-7""},{""position"":3,""title"":""Ankita Dhingra serving lessons in glam — bold eyes ..."",""url"":""https://www.instagram.com/p/DMXrpXBxjXB""},{""position"":4,""title"":""SERVICES | Enhance Your Look Today — Book Now — Glam by Am"",""url"":""https://www.glambyam.com/services""},{""position"":5,""title"":""Glam Services"",""url"":""https://platform.tracxn.com/a/d/company/59424431e4b0970823c14efe/glam%20services?utm_source=parallel&utm_medium=ai#a:about""},{""position"":6,""title"":""Glam Team USA Services | Bridal, Everyday & South Asian Glam"",""url"":""https://glamteamusa.com/our-services""},{""position"":7,""title"":""GLAM"",""url"":""https://platform.tracxn.com/a/d/company/59049009e4b0bcc83ef21c59/glam?utm_source=parallel&utm_medium=ai#a:about""},{""position"":8,""title"":""Glam-up - Best Beauty Salon & Parlour in Karwar, Karnataka"",""url"":""https://www.parlournearme.in/karnataka/karwar/glam-up""},{""position"":9,""title"":""Services — Glam By LL"",""url"":""https://www.glambyll.com/services""},{""position"":10,""title"":""Ankita Makeup | Professional Makeup Artist | Ankita Makeup"",""url"":""https://ankitamakeup.vercel.app/""}]"
"1","The Glam by Ankita reviews","checked","checked","10","","[]","[{""position"":1,""title"":""“Ankita Lokhande's review after the glam” I asked for ..."",""url"":""https://www.instagram.com/reel/DW6E8ExiZv_""},{""position"":2,""title"":""Glam Reviews - Read Customer Reviews of Usa-glam.com"",""url"":""https://glam.tenereteam.com/""},{""position"":3,""title"":""Testimonials – Glam by Asna"",""url"":""https://glambyasna.com/testimonials""},{""position"":4,""title"":""Reviews - Get it Glam"",""url"":""https://get-it-glam.book.app/reviews""},{""position"":5,""title"":""Glam.co.uk: Reviews and Comments | www.Glam.co.uk"",""url"":""https://fohweb.com/www.glam.co.uk""},{""position"":6,""title"":""Glam  | Grave Concerns Ezine"",""url"":""https://www.graveconcerns.net/reviews/cd-reviews/144-glam-.html""},{""position"":7,""title"":""Glamify Reviews 12"",""url"":""https://www.trustpilot.com/review/getglamify.com""},{""position"":8,""title"":""LOVE YOUR LOOK? LEAVE US A REVIEW! www.glamcohays.com"",""url"":""https://www.instagram.com/p/DNqVphKq7KO""},{""position"":9,""title"":""Schedule Glam By Cham"",""url"":""https://pocketsuite.io/book/glam-by-cham-llc""},{""position"":10,""title"":""Living for the glam life. . . . . #ankitakhare #photography # ..."",""url"":""https://www.instagram.com/p/C183oQMMEuZ?hl=en""}]"
"1","Ankita Awasthi makeup artist","checked","checked","10","","[]","[{""position"":1,""title"":""Ankita Awasthi"",""url"":""https://linkedin.com/in/ankita-awasthi-1aaa7826""},{""position"":2,""title"":""ankita.t.awasthi"",""url"":""https://www.instagram.com/ankita.t.awasthi""},{""position"":3,""title"":""Ankita Makeup | Professional Makeup Artist | Ankita Makeup"",""url"":""https://ankitamakeup.vercel.app/""},{""position"":4,""title"":""Ankita's Makeover - Ankita makeup Artist Kolkata"",""url"":""https://ankitamakeupartist.in/""},{""position"":5,""title"":""Ankita | Makeup Artist (@prettylooksbyankita)"",""url"":""https://www.instagram.com/prettylooksbyankita""},{""position"":6,""title"":""Ankita Makeup Artist | Mapusa"",""url"":""https://www.facebook.com/100063496346823?locale=ka_GE""},{""position"":7,""title"":""Ankita Deb (@amit.nag.560)"",""url"":""https://www.facebook.com/amit.nag.560""},{""position"":8,""title"":""Ankita (@makeupby_ankita) • Instagram photos and videos"",""url"":""https://www.instagram.com/makeupby_ankita""},{""position"":9,""title"":""Ankita Awasthi (@ankita_vibess)"",""url"":""https://www.instagram.com/ankita_vibess""},{""position"":10,""title"":""Ankita's Beauty Makeover"",""url"":""https://www.youtube.com/@ankitasbeautymakeover""}]"
"1","Ankita makeup artist Melbourne","checked","checked","10","","[]","[{""position"":1,""title"":""Ankita More"",""url"":""https://linkedin.com/in/ankita-more-973b56188""},{""position"":2,""title"":""ankita.t.awasthi"",""url"":""https://www.instagram.com/ankita.t.awasthi""},{""position"":3,""title"":""𝐀𝐍𝐊𝐈𝐓𝐀🧿| Beauty Creator (@brownlatte27)"",""url"":""https://www.instagram.com/brownlatte27""},{""position"":4,""title"":""Ankita Makeup | Professional Makeup Artist | Ankita Makeup"",""url"":""https://ankitamakeup.vercel.app/""},{""position"":5,""title"":""Ankita Manwani Makeup and Hair - Price & Reviews"",""url"":""https://www.wedmegood.com/profile/Ankita-Manwani-Makeup-and-Hair-543650""},{""position"":6,""title"":""Ankita Singh - Certified Professional Makeup artist and ..."",""url"":""https://linkedin.com/in/ankita-singh-571051245""},{""position"":7,""title"":""Ankita Mahajan"",""url"":""https://linkedin.com/in/ankitamahajan05""},{""position"":8,""title"":""Ankita Raymandal - Professional Makeup Artist"",""url"":""https://linkedin.com/in/ankita-raymandal-1955a2405""},{""position"":9,""title"":""Ankita Pimpale | Pro-Makeup artist"",""url"":""https://www.instagram.com/ankitapimple_makeover""},{""position"":10,""title"":""\""Ankita Guddi, a masterful makeup artist, crafts stunning bridal ..."",""url"":""https://www.facebook.com/ankitakarguddi/videos/ankita-guddi-a-masterful-makeup-artist-crafts-stunning-bridal-looks-with-finesse/1069296917467806""}]"
"1","theglambyankita.com","checked","checked","0","","[]","[]"
"2","Melbourne makeup artist","checked","checked","10","","[]","[{""position"":1,""title"":""Alana MUHA | Melbourne Makeup & Hair Artist"",""url"":""https://www.alanamuha.com/""},{""position"":2,""title"":""Makeup Artist Melbourne | Mobile Hair & Makeup Artists | JPC"",""url"":""https://www.melbournemakeupartist.com/""},{""position"":3,""title"":""  BIO - MERTON MUAREMI MELBOURNE MAKEUP ARTIST & HAIR STYLIST"",""url"":""https://www.mertonmuaremi.com/bio.html""},{""position"":4,""title"":""By Natasha | Makeup Artist Melbourne | Essendon & Moonee Ponds"",""url"":""https://www.bynatasha.com.au/""},{""position"":5,""title"":""Mary Peda – Melbourne Makeup Artist | Home"",""url"":""https://www.marypeda.com.au/""},{""position"":6,""title"":""Vanessa Bate MUA "",""url"":""https://www.vanessabatemua.com/""},{""position"":7,""title"":""Yasmin Lu Artistry | Melbourne [ Book now ]"",""url"":""https://yasminluartistry.setmore.com/""},{""position"":8,""title"":""Elise Bysouth | Melbourne Bridal & Event Makeup Artist"",""url"":""https://www.elisebysouth.com/""},{""position"":9,""title"":""Elizabeth Surtees Creative Makeup Artist Melbourne"",""url"":""https://www.elizabeth-surtees.com/""},{""position"":10,""title"":""Dana Leviston • Hair & Makeup Artist"",""url"":""http://www.dana-leviston.com/""}]"
"2","makeup artist Melbourne","checked","checked","10","","[]","[{""position"":1,""title"":""Makeup Artist Melbourne | Mobile Hair & Makeup Artists | JPC"",""url"":""https://www.melbournemakeupartist.com/""},{""position"":2,""title"":""Alana MUHA | Melbourne Makeup & Hair Artist"",""url"":""https://www.alanamuha.com/""},{""position"":3,""title"":""By Natasha | Makeup Artist Melbourne | Essendon & Moonee Ponds"",""url"":""https://www.bynatasha.com.au/""},{""position"":4,""title"":""Mary Peda – Melbourne Makeup Artist | Home"",""url"":""https://www.marypeda.com.au/""},{""position"":5,""title"":""Yasmin Lu Artistry | Melbourne [ Book now ]"",""url"":""https://yasminluartistry.setmore.com/""},{""position"":6,""title"":""Elizabeth Surtees Creative Makeup Artist Melbourne"",""url"":""https://www.elizabeth-surtees.com/""},{""position"":7,""title"":""  BIO - MERTON MUAREMI MELBOURNE MAKEUP ARTIST & HAIR STYLIST"",""url"":""https://www.mertonmuaremi.com/bio.html""},{""position"":8,""title"":""Vanessa Bate MUA "",""url"":""https://www.vanessabatemua.com/""},{""position"":9,""title"":""Professional Makeup Artist Melbourne - Best Makeup Artist In Melbourne — KRISTINA CANZONERI"",""url"":""http://www.kristinacanzoneri.com.au/about""},{""position"":10,""title"":""Melbourne Cup Makeup Tips with Celebrity ..."",""url"":""https://us.homebodii.com/blogs/journal/from-prep-to-post-race-spring-glam-with-homebodii-mia-connor""}]"
"2","professional makeup artist Melbourne","checked","checked","10","","[]","[{""position"":1,""title"":""Makeup Artist Melbourne | Mobile Hair & Makeup Artists | JPC"",""url"":""https://www.melbournemakeupartist.com/""},{""position"":2,""title"":""Professional Makeup Artist Melbourne - Best Makeup Artist In Melbourne — KRISTINA CANZONERI"",""url"":""http://www.kristinacanzoneri.com.au/about""},{""position"":3,""title"":""By Natasha | Makeup Artist Melbourne | Essendon & Moonee Ponds"",""url"":""https://www.bynatasha.com.au/""},{""position"":4,""title"":""Emma Perilli"",""url"":""https://linkedin.com/in/emmajaneperilli""},{""position"":5,""title"":""Sarah Moss"",""url"":""https://linkedin.com/in/sarah-moss-020266149""},{""position"":6,""title"":""Chelsea Hamilton"",""url"":""https://linkedin.com/in/chelsea-hamilton-a3692b174""},{""position"":7,""title"":""Nilaab Alkozai"",""url"":""https://linkedin.com/in/nilaab-alkozai-b34a0920a""},{""position"":8,""title"":""Anna Borodai"",""url"":""https://linkedin.com/in/anna-borodai-4406aa313""},{""position"":9,""title"":""Mary Peda – Melbourne Makeup Artist | Home"",""url"":""https://www.marypeda.com.au/""},{""position"":10,""title"":""Elizabeth Surtees Creative Makeup Artist Melbourne"",""url"":""https://www.elizabeth-surtees.com/""}]"
"2","makeup artist Melbourne CBD","checked","checked","10","","[]","[{""position"":1,""title"":""Makeup Artist Melbourne | Mobile Hair & Makeup Artists | JPC"",""url"":""https://www.melbournemakeupartist.com/""},{""position"":2,""title"":""Elegance&Co welcomes new makeup artist for glam and ..."",""url"":""https://www.facebook.com/61557787513172/posts/-meet-our-new-makeup-artist-mbm-were-so-excited-to-welcome-a-gorgeous-new-face-t/122253326858259583""},{""position"":3,""title"":""Alana MUHA | Melbourne Makeup & Hair Artist"",""url"":""https://www.alanamuha.com/""},{""position"":4,""title"":""Hi everyone, my name is Natalie Gia 🤍 I'm a professional ..."",""url"":""https://www.facebook.com/groups/melbourneweddingsandbrides/posts/4400025106810520""},{""position"":5,""title"":""Mary Peda – Melbourne Makeup Artist | Home"",""url"":""https://www.marypeda.com.au/""},{""position"":6,""title"":""How makeup artist Moochi Made challenges beauty ..."",""url"":""https://fashionjournal.com.au/beauty/makeup-artist-moochi-made""},{""position"":7,""title"":""By Natasha | Makeup Artist Melbourne | Essendon & Moonee Ponds"",""url"":""https://www.bynatasha.com.au/""},{""position"":8,""title"":""Yasmin Lu Artistry | Melbourne [ Book now ]"",""url"":""https://yasminluartistry.setmore.com/""},{""position"":9,""title"":""Elizabeth Surtees Creative Makeup Artist Melbourne"",""url"":""https://www.elizabeth-surtees.com/""},{""position"":10,""title"":""SC Makeup Artistry | Makeup Artist Melbourne"",""url"":""https://www.scmakeupartistry.info/""}]"
"2","Melbourne CBD makeup artist","checked after retry","failed","10","","[]","[{""position"":1,""title"":""Vanessa Bate MUA "",""url"":""https://www.vanessabatemua.com/""},{""position"":2,""title"":""Hi everyone, my name is Natalie Gia 🤍 I'm a professional ..."",""url"":""https://www.facebook.com/groups/melbourneweddingsandbrides/posts/4400025106810520""},{""position"":3,""title"":""About – Simone Lee Brennan"",""url"":""https://simoneleebrennan.com/about""},{""position"":4,""title"":""Hair Stylists & Makeup Artists in Melbourne from $65. Free Lashes ❤️"",""url"":""https://flayr.com.au/vic/melbourne/hair-and-makeup-artists-melbourne""},{""position"":5,""title"":""Elegance&Co welcomes new makeup artist for glam and ..."",""url"":""https://www.facebook.com/61557787513172/posts/-meet-our-new-makeup-artist-mbm-were-so-excited-to-welcome-a-gorgeous-new-face-t/122253326858259583""},{""position"":6,""title"":""Makeup Artist Helen | Bridal Hair and Makeup | Melbourne"",""url"":""https://www.makeupartisthelen.com/""},{""position"":7,""title"":""Melbourne Makeup Artist and Hairdresser - Kristy Bassett"",""url"":""https://www.kristybassett.com/""},{""position"":8,""title"":""Melbourne Makeup Artist and Hairdresser - Kristy Bassett"",""url"":""https://www.kristybassett.com/blog/actors-headshots/nggallery/slideshow.html""},{""position"":9,""title"":""Professional Makeup Artist Melbourne - Best Makeup Artist In Melbourne — KRISTINA CANZONERI"",""url"":""http://www.kristinacanzoneri.com.au/about""},{""position"":10,""title"":""Clara Campbell Makeup Artistry Melbourne"",""url"":""https://www.claracampbell.com.au/""}]"
"2","makeup artist Southbank","checked","checked","10","","[]","[{""position"":1,""title"":""\n    Beauty Details –  NATASHAS SKIN SPA\n  "",""url"":""https://www.natashas.com.au/pages/beauty-details""},{""position"":2,""title"":""Yasmin Lu Artistry | Melbourne [ Book now ]"",""url"":""https://yasminluartistry.setmore.com/""},{""position"":3,""title"":""\n    LASHES & BROWS –  NATASHAS SKIN SPA\n  "",""url"":""https://www.natashas.com.au/pages/lashes-brows""},{""position"":4,""title"":""Makeup Artist Southbank Brisbane - Mugeek Vidalondon"",""url"":""https://mugeek.vidalondon.net/makeup-artist-southbank-brisbane""},{""position"":5,""title"":""Makeup Artist Anastasia | Melbourne VIC"",""url"":""https://www.facebook.com/p/Makeup-Artist-Anastasia-100044526485660""},{""position"":6,""title"":""Mobile Hair and Makeup Artists in Southbank Brisbane"",""url"":""https://www.anywherehairandmakeup.com.au/mobile-hair-and-makeup-southbank-brisbane""},{""position"":7,""title"":""Danielle Macleod Makeup Artistry"",""url"":""https://www.facebook.com/daniellemacleodmua/photos/927337223964465""},{""position"":8,""title"":""Dewi Tan Makeup - Wedding Hair and Makeup Southbank | Easy Weddings"",""url"":""https://www.easyweddings.com.au/WeddingHair/Melbourne/DewiTanMakeup""},{""position"":9,""title"":""Makeup artist in Miami, Makeup Artist Fort Lauderdale Makeup Artist"",""url"":""https://www.southbeachmakeup.com/""},{""position"":10,""title"":""Bridal Hair and Makeup Packages in Jacksonville | SalonOnTheSouthBank"",""url"":""https://www.salononthesouthbank.com/""}]"
"2","Southbank makeup artist","checked","checked","10","","[]","[{""position"":1,""title"":""\n    LASHES & BROWS –  NATASHAS SKIN SPA\n  "",""url"":""https://www.natashas.com.au/pages/lashes-brows""},{""position"":2,""title"":""\n    Beauty Details –  NATASHAS SKIN SPA\n  "",""url"":""https://www.natashas.com.au/pages/beauty-details""},{""position"":3,""title"":""Dewi Tan Makeup - Wedding Hair and Makeup Southbank | Easy Weddings"",""url"":""https://www.easyweddings.com.au/WeddingHair/Melbourne/DewiTanMakeup""},{""position"":4,""title"":""Makeup Artist Anastasia | Melbourne VIC"",""url"":""https://www.facebook.com/p/Makeup-Artist-Anastasia-100044526485660""},{""position"":5,""title"":""Danielle Macleod Makeup Artistry"",""url"":""https://www.facebook.com/daniellemacleodmua/photos/927337223964465""},{""position"":6,""title"":""Yasmin Lu Artistry | Melbourne [ Book now ]"",""url"":""https://yasminluartistry.setmore.com/""},{""position"":7,""title"":""Maria | Melbourne Hair and Makeup Artist (@artistry.bymaria)"",""url"":""https://www.instagram.com/artistry.bymaria""},{""position"":8,""title"":""Makeup artist in Miami, Makeup Artist Fort Lauderdale Makeup Artist"",""url"":""https://www.southbeachmakeup.com/""},{""position"":9,""title"":""Natalie Jane"",""url"":""https://www.nataliejanemakeup.com/home""},{""position"":10,""title"":""southbank.ai · marketing for PMU and SMP artists"",""url"":""https://www.southbank.ai/""}]"
"2","makeup services Melbourne","checked","checked","10","","[]","[{""position"":1,""title"":""Hair & Makeup Melbourne | Mobile Hair and Makeup Artistry"",""url"":""http://hairandmakeupmelb.com.au/""},{""position"":2,""title"":""\n      MAKE UP SERVICES\n – DCE Cosmetics"",""url"":""https://dcecosmetics.com.au/pages/make-up-services""},{""position"":3,""title"":""Facebar Melbourne | Professional Makeup Studio in Moonee Ponds"",""url"":""https://facebarmelbourne.com.au/""},{""position"":4,""title"":""Melbourne CBD Professional Makeup Studio - Kryolan"",""url"":""https://www.kryolan.com.au/kryolan-makeup-studio-melbourne""},{""position"":5,""title"":""Makeup | Melbourne Hair Society"",""url"":""https://www.melbournehairsociety.com.au/makeup""},{""position"":6,""title"":""Services - Lian Chan Makeup and Hair Artistry | Melbourne"",""url"":""https://makeupbylian.com.au/services""},{""position"":7,""title"":""Hair & Makeup Services - Privé Hair & Makeup"",""url"":""https://privehairaustralia.com.au/hair-and-makeup""},{""position"":8,""title"":""Makeup Artist Melbourne - Studio & Mobile Services | Nie Makeup Artist"",""url"":""https://www.niemakeup.com/services""},{""position"":9,""title"":""Makeup Services"",""url"":""https://www.maccosmetics.com.au/makeup-services""},{""position"":10,""title"":""Lian Chan Makeup and Hair Artistry | Melbourne"",""url"":""https://makeupbylian.com.au/""}]"
"2","makeup appointments Melbourne","checked","checked","10","","[]","[{""position"":1,""title"":""Facebar Melbourne | Professional Makeup Studio in Moonee Ponds"",""url"":""https://facebarmelbourne.com.au/""},{""position"":2,""title"":""Makeup | Melbourne Hair Society"",""url"":""https://www.melbournehairsociety.com.au/makeup""},{""position"":3,""title"":""Hair & Makeup Melbourne | Mobile Hair and Makeup Artistry"",""url"":""http://hairandmakeupmelb.com.au/""},{""position"":4,""title"":""Ray Ray's Hair and Makeup: Appointments - Square"",""url"":""https://ray-rays-hair-and-makeup.square.site/""},{""position"":5,""title"":""Appointments | ANA MAKEUP ARTIST"",""url"":""https://ana-makeup-artist-105242.square.site/""},{""position"":6,""title"":""In2yourbeauty Makeup Artistry in Melbourne, FL – Reviews, Hours, and Contact Details"",""url"":""https://local.yahoo.com/info-205962097-in2yourbeauty-makeup-artistry-melbourne""},{""position"":7,""title"":""HOME | Makeup by Lyna | Melbourne Bridal Makeup Artist & Hairstylist"",""url"":""https://www.makeupbylyna.com.au/""},{""position"":8,""title"":""Bridal & Occasion Makeup Melbourne | Curl Up & Dye | Curl Up & Dye"",""url"":""https://www.curlupndye.com.au/services/makeup""},{""position"":9,""title"":""\n      MAKE UP SERVICES\n – DCE Cosmetics"",""url"":""https://dcecosmetics.com.au/pages/make-up-services""},{""position"":10,""title"":""Our Makeup Looks - Facebar Melbourne"",""url"":""https://facebarmelbourne.com.au/our-makeup-looks/""}]"
"2","makeup artist inner Melbourne","checked","checked","10","","[]","[{""position"":1,""title"":""Find 20 Best-Rated Makeup Artists in Inner South Melbourne | Airtasker AU"",""url"":""https://www.airtasker.com/au/services/makeup-artist/inner-south-melbourne/""},{""position"":2,""title"":""Find 29 Best-Rated Makeup Artists in Melbourne | Airtasker AU"",""url"":""https://www.airtasker.com/au/services/makeup-artist/melbourne/""},{""position"":3,""title"":""Best Makeup Artists near me in Melbourne, Melbourne | Fresha"",""url"":""https://www.fresha.com/lp/en/tt/makeup-artists/in/au-melbourne/melbourne""},{""position"":4,""title"":""THE BEST 10 MAKEUP ARTISTS in MELBOURNE, FL - Updated 2025 - Hours - Yelp"",""url"":""https://www.yelp.com/search?cflt=makeupartists&find_loc=Melbourne,+FL""},{""position"":5,""title"":""TOP 10 BEST Makeup Artists in Melbourne Victoria, Australia - Updated 2026 - Yelp"",""url"":""https://www.yelp.com/search?find_desc=Makeup+Artists&find_loc=Melbourne+Victoria""},{""position"":6,""title"":""THE BEST 10 Makeup Artists in MELBOURNE VICTORIA, AUSTRALIA - Updated 2026 - Hours - Yelp"",""url"":""https://www.yelp.com/search?cflt=makeupartists&find_loc=Melbourne+Victoria""},{""position"":7,""title"":""The 10 Best Makeup Artists in Melbourne, VIC - Oneflare"",""url"":""https://www.oneflare.com.au/makeup-artists/vic/melbourne""},{""position"":8,""title"":""Find 5 Best-Rated Makeup Artists in North Melbourne | Airtasker AU"",""url"":""https://www.airtasker.com/au/services/makeup-artist/north-melbourne-vic/""},{""position"":9,""title"":""The 10 Best Makeup Artists in Melbourne, VIC, Australia (2023) - Peerspace"",""url"":""https://www.peerspace.com/au/resources/makeup-artists-melbourne/""},{""position"":10,""title"":""Find 13 Best-Rated Makeup Artists in Melbourne City CBD | Airtasker AU"",""url"":""https://www.airtasker.com/au/services/makeup-artist/melbourne-city-cbd-vic/""}]"
"3","bridal makeup Melbourne","checked","checked","10","","[]","[{""position"":1,""title"":""Bridal Makeup Melbourne | Elise Bysouth — Elise Bysouth"",""url"":""https://www.elisebysouth.com/bridal""},{""position"":2,""title"":""Magical Makeovers - Melbourne Bridal Makeup & Hairstyling"",""url"":""https://magicalmakeovers.com.au/""},{""position"":3,""title"":""Mobile Bridal Hair and Makeup Melbourne | Vivian Artistry"",""url"":""https://vivianartistry.au/""},{""position"":4,""title"":""Bridal Makeup Artist Melbourne | Soft Glam & Event Makeup | Makeup by Anastasia"",""url"":""https://www.makeupbyanastasia.com.au/""},{""position"":5,""title"":""Airyymakeup — Bridal Makeup Artist Melbourne"",""url"":""https://airyymakeup.com/""},{""position"":6,""title"":""Melbourne Bridal Makeup Artist - Ellie Davidson Beauty"",""url"":""https://www.elliedavidsonbeauty.com/bridal""},{""position"":7,""title"":""Melbourne Bridal Makeup and Hair Styling - Kristy Bassett"",""url"":""https://www.kristybassett.com/bridal.html""},{""position"":8,""title"":""Mobile Makeup Artist And Hairstylist Melbourne | Bridal Makeup Artist | Peggy Stasinos"",""url"":""https://pstasinosmakeup.com.au/""},{""position"":9,""title"":""Bridal Makeup & Hair Melbourne | Nie Makeup Artist"",""url"":""https://www.niemakeup.com/bridal""},{""position"":10,""title"":""NICOLE KENE - Melbourne Bridal Makeup Artist & Hair Stylist"",""url"":""https://www.nicolekene.com.au/""}]"
"3","bridal makeup artist Melbourne","checked","checked","10","","[]","[{""position"":1,""title"":""Vanessa Barney"",""url"":""https://linkedin.com/in/vanessa-barneymua""},{""position"":2,""title"":""Wedding Hair and Makeup Artist, Melbourne Based Mobile Service"",""url"":""http://www.alisonlarwood.com/""},{""position"":3,""title"":""Weddings – Simone Lee Brennan"",""url"":""https://simoneleebrennan.com/portfolio""},{""position"":4,""title"":""Once Upon a Bride – MELBOURNE HAIR & MAKEUP ARTIST"",""url"":""https://onceuponabride.com.au/""},{""position"":5,""title"":""Rebecca Brown"",""url"":""https://linkedin.com/in/rebecca-brown-62981416""},{""position"":6,""title"":""Airyymakeup — Bridal Makeup Artist Melbourne"",""url"":""https://airyymakeup.com/""},{""position"":7,""title"":""Suzanne Slovacek"",""url"":""https://linkedin.com/in/suzanne-slovacek-07145035b""},{""position"":8,""title"":""Simone Lyons Artistry - Makeup Artist, Melbourne Bridal Makeup Artist"",""url"":""https://simonelyonsartistry.com/""},{""position"":9,""title"":""By Madeline Makeup – bymadelinemakeup"",""url"":""https://www.bymadelinemua.com/""},{""position"":10,""title"":""Makeup Artist Helen | Bridal Hair and Makeup | Melbourne"",""url"":""https://www.makeupartisthelen.com/""}]"
"3","wedding makeup Melbourne","checked","checked","10","","[]","[{""position"":1,""title"":""Best Wedding Makeup To Use"",""url"":""https://weddingmakeupmelbourne.com/best-wedding-makeup-brands-products.html""},{""position"":2,""title"":""Makeup - Beauty On Melbourne"",""url"":""https://beautyonmelbourne.com.au/services/makeup""},{""position"":3,""title"":""Wedding Gallery — Melbourne Fashion & Bridal Makeup & Hair | May VL"",""url"":""https://www.mayvlmakeup.com/weddinggallery""},{""position"":4,""title"":""Wedding Hair and Makeup Artist Melbourne"",""url"":""https://rjbeautymelbourne.com/""},{""position"":5,""title"":""Make Up Melbourne | Makeup for Function, Events and Parties - Melbourne Henna"",""url"":""http://www.melbournehenna.com.au/services/dressing-up/makeup.html""},{""position"":6,""title"":""Magical Makeovers - Melbourne Bridal Makeup & Hairstyling"",""url"":""https://magicalmakeovers.com.au/""},{""position"":7,""title"":""Airyymakeup — Bridal Makeup Artist Melbourne"",""url"":""https://airyymakeup.com/""},{""position"":8,""title"":""Wedding Hair & Makeup | Tonic Agency | Melbourne, Australia"",""url"":""https://www.tonicagency.com.au/weddings""},{""position"":9,""title"":""Mary Peda – Melbourne Makeup Artist | Home"",""url"":""https://www.marypeda.com.au/""},{""position"":10,""title"":""Wedding Hair and Makeup Artist, Melbourne Based Mobile Service"",""url"":""http://www.alisonlarwood.com/""}]"
"3","wedding makeup artist Melbourne","checked","checked","10","","[]","[{""position"":1,""title"":""Wedding Hair and Makeup Artist, Melbourne Based Mobile Service"",""url"":""http://www.alisonlarwood.com/""},{""position"":2,""title"":""About – Simone Lee Brennan"",""url"":""https://simoneleebrennan.com/about""},{""position"":3,""title"":""Alana MUHA | Melbourne Makeup & Hair Artist"",""url"":""https://www.alanamuha.com/""},{""position"":4,""title"":""Makeup Artist Helen | Bridal Hair and Makeup | Melbourne"",""url"":""https://www.makeupartisthelen.com/""},{""position"":5,""title"":""Mobile Makeup Artist And Hairstylist Melbourne | Bridal Makeup Artist | Peggy Stasinos"",""url"":""https://pstasinosmakeup.com.au/""},{""position"":6,""title"":""Airyymakeup — Bridal Makeup Artist Melbourne"",""url"":""https://airyymakeup.com/""},{""position"":7,""title"":""Wedding Hair & Makeup | Tonic Agency | Melbourne, ... Tonic Agency https://www.tonicagency.com.au › weddings"",""url"":""https://www.tonicagency.com.au/weddings""},{""position"":8,""title"":""NICOLE KENE - Melbourne Bridal Makeup Artist & Hair Stylist"",""url"":""https://www.nicolekene.com.au/""},{""position"":9,""title"":""By Madeline Makeup – bymadelinemakeup"",""url"":""https://www.bymadelinemua.com/""},{""position"":10,""title"":""By Natasha | Makeup Artist Melbourne | Essendon & Moonee Ponds"",""url"":""https://www.bynatasha.com.au/""}]"
"3","bridal makeup Melbourne CBD","checked","checked","10","","[]","[{""position"":1,""title"":""Find 13 Best-Rated Makeup Artists in Melbourne City CBD | Airtasker AU"",""url"":""https://www.airtasker.com/au/services/makeup-artist/melbourne-city-cbd-vic/""},{""position"":2,""title"":""Mobile Bridal Hair & Makeup Artist in Melbourne CBD"",""url"":""https://www.bellezzaseduction.com.au/bridal-make-up/""},{""position"":3,""title"":""Find 29 Best-Rated Makeup Artists in Melbourne | Airtasker AU"",""url"":""https://www.airtasker.com/au/services/makeup-artist/melbourne/""},{""position"":4,""title"":""Bridal Makeup Artist Melbourne | Wedding Hair & Makeup Stylist Melbourne"",""url"":""https://jennybeauty.com.au/weddings/""},{""position"":5,""title"":""Mobile Professional Hair & Makeup Artist in South Melbourne, CBD"",""url"":""https://www.bellezzaseduction.com.au/""},{""position"":6,""title"":""Best bridal makeup artists of Melbourne & Victoria | voted by real brides"",""url"":""https://abia.com.au/wedding-blog/best-bridal-makeup-artists-and-hair-stylists-of-melbourne-geelong-mornington""},{""position"":7,""title"":""👰 Melbourne Wedding Hair and Makeup | 2026 & 2027 Directory - Wedding VIC"",""url"":""https://www.weddingvic.com.au/wedding-hair-and-makeup-melbourne/""},{""position"":8,""title"":""Wedding Hair and Makeup Melbourne | Hair Salons And Makeup Artists"",""url"":""https://www.easyweddings.com.au/WeddingHair/Melbourne/""},{""position"":9,""title"":""Wedding Hair & Makeup | Tonic Agency | Melbourne, Australia"",""url"":""https://www.tonicagency.com.au/weddings""},{""position"":10,""title"":""Makeup Artist Melbourne - Professional And We Come To You!"",""url"":""https://melbournemobilehair.com.au/mobile-makeup-artist/""}]"
"3","bridal makeup Southbank","checked","checked","10","","[]","[{""position"":1,""title"":""Bridal Hair and Makeup Packages in Jacksonville | SalonOnTheSouthBank"",""url"":""https://www.salononthesouthbank.com/""},{""position"":2,""title"":""SB Makeup | Bridal MUA & Hair Stylist"",""url"":""https://sbmakeup.co.uk/""},{""position"":3,""title"":""Wedding Makeup & Hair Services – Serenity Makeup — Serenity Makeup"",""url"":""https://www.serenitymakeup.co.nz/wedding-makeup-hair""},{""position"":4,""title"":""Artistry By Maria | Professional Bridal Makeup Artist & Educator Melbourne – Contact"",""url"":""https://www.artistrybymaria.com/contact""},{""position"":5,""title"":""Artistry By Maria | Professional Bridal Makeup Artist & Educator Melbourne – Lessons"",""url"":""https://www.artistrybymaria.com/lessons""},{""position"":6,""title"":""Tiffany South & Co (@tiffanysouthco)"",""url"":""https://www.facebook.com/tiffanysouthco""},{""position"":7,""title"":""🎉 EOFY MEGA SALE IS HERE! 🎉 The biggest bridal ..."",""url"":""https://www.facebook.com/groups/melbourneweddingsandbrides/posts/4440338922779138""},{""position"":8,""title"":""Meet Our Team | SalonOnTheSouthBank"",""url"":""https://www.salononthesouthbank.com/meet-our-team?v=20260731""},{""position"":9,""title"":""Brides & Beauties · Bridal Hair & Makeup · South West London"",""url"":""http://www.bridesandbeauties.com/""},{""position"":10,""title"":""The Bridal Makeup Artists Directory"",""url"":""http://www.makeupartistjobs.com/weddingMakeupArtists.shtml""}]"
"3","Western bridal makeup Melbourne","checked","checked","9","","[]","[{""position"":1,""title"":""Airyymakeup — Bridal Makeup Artist Melbourne"",""url"":""https://airyymakeup.com/""},{""position"":2,""title"":""Bridal Makeup Melbourne | Elise Bysouth — Elise Bysouth"",""url"":""https://www.elisebysouth.com/bridal""},{""position"":3,""title"":""NICOLE KENE - Melbourne Bridal Makeup Artist & Hair Stylist"",""url"":""https://www.nicolekene.com.au/""},{""position"":4,""title"":""Mobile Bridal Hair and Makeup Melbourne | Vivian Artistry"",""url"":""https://vivianartistry.au/""},{""position"":5,""title"":""Mobile Makeup Artist And Hairstylist Melbourne | Bridal Makeup Artist | Peggy Stasinos"",""url"":""https://pstasinosmakeup.com.au/""},{""position"":6,""title"":""Wedding - Nanette Hair and Makeup | Luxury Bridal Hair & Makeup Artist in Melbourne"",""url"":""https://nanette.net.au/category/wedding""},{""position"":7,""title"":""Magical Makeovers - Melbourne Bridal Makeup & Hairstyling"",""url"":""https://magicalmakeovers.com.au/""},{""position"":8,""title"":""Melbourne Bridal Makeup Artist - Ellie Davidson Beauty"",""url"":""https://www.elliedavidsonbeauty.com/bridal""},{""position"":9,""title"":""Melbourne Fashion & Bridal Makeup & Hair | May VL"",""url"":""https://www.mayvlmakeup.com/""}]"
"3","natural bridal makeup Melbourne","checked","checked","10","","[]","[{""position"":1,""title"":""Wedding Hair and Makeup Artist, Melbourne Based Mobile Service"",""url"":""http://www.alisonlarwood.com/""},{""position"":2,""title"":""Airyymakeup — Bridal Makeup Artist Melbourne"",""url"":""https://airyymakeup.com/""},{""position"":3,""title"":""Mobile Bridal Hair and Makeup Melbourne | Vivian Artistry"",""url"":""https://vivianartistry.au/""},{""position"":4,""title"":""Bridal & Occasion Makeup Melbourne | Curl Up & Dye | Curl Up & Dye"",""url"":""https://www.curlupndye.com.au/services/makeup""},{""position"":5,""title"":""Makeup Artist Bridal MUA Melbourne Natural Makeup Asian Makeup Artist Melbourne Victoria Australia"",""url"":""https://marleneneysamakeup.com/faq""},{""position"":6,""title"":""Wedding Makeup & Hair Melbourne | Marie Le"",""url"":""https://www.marielemua.site/melbourne-bridal-makeup-hair""},{""position"":7,""title"":""Tracey Shelley Makeup (@traceyshelleymakeup)"",""url"":""https://www.instagram.com/traceyshelleymakeup""},{""position"":8,""title"":""Bridal Makeup Melbourne | Elise Bysouth — Elise Bysouth"",""url"":""https://www.elisebysouth.com/bridal""},{""position"":9,""title"":""HOME | Makeup by Lyna | Melbourne Bridal Makeup Artist & Hairstylist"",""url"":""https://www.makeupbylyna.com.au/""},{""position"":10,""title"":""NICOLE KENE - Melbourne Bridal Makeup Artist & Hair Stylist"",""url"":""https://www.nicolekene.com.au/""}]"
"3","soft glam bridal makeup Melbourne","checked","checked","10","","[]","[{""position"":1,""title"":""Soft Glam by Rose | Specialising in soft glam and bridal makeup"",""url"":""https://softglambyrose.com/""},{""position"":2,""title"":""Bridal Hair & Makeup Artist in Melbourne | Soft Glam Weddings — Amy Bysouth"",""url"":""https://www.amybysouth.com/bridal""},{""position"":3,""title"":""Soft Glamour Beauty"",""url"":""https://softglamourbeauty.com/""},{""position"":4,""title"":""Bridal Makeup Artist Melbourne | Soft Glam & Event Makeup | Makeup by Anastasia"",""url"":""https://www.makeupbyanastasia.com.au/""},{""position"":5,""title"":""Bridal Makeup | Soft Glam by Rose"",""url"":""https://softglambyrose.com/bridal-makeup""},{""position"":6,""title"":""Bridal Makeup | Glam by Gabby LLC"",""url"":""https://www.glambygabbyllc.com/bridal-makeup""},{""position"":7,""title"":""Bridal Portfolio — Shrinking Violet Makeup"",""url"":""https://www.shrinkingvioletmakeup.com/portfolio""},{""position"":8,""title"":""Services - Nanette Hair and Makeup | Luxury Bridal Hair & Makeup Artist in Melbourne"",""url"":""https://nanette.net.au/services""},{""position"":9,""title"":""Airyymakeup — Bridal Makeup Artist Melbourne"",""url"":""https://airyymakeup.com/""},{""position"":10,""title"":""Artistry By Maria | Professional Bridal Makeup Artist & Educator Melbourne – Lessons"",""url"":""https://www.artistrybymaria.com/lessons""}]"
"3","full glam bridal makeup Melbourne","checked","checked","10","","[]","[{""position"":1,""title"":""Services - Glam Bridal Beauty"",""url"":""https://www.glambridalbeauty.com/services""},{""position"":2,""title"":""Glamagency | Melbourne Hair & Makeup Agency"",""url"":""https://www.glamagency.com.au/""},{""position"":3,""title"":""Hair and Makeup Artist Melbourne | Glamour Studios"",""url"":""https://glamourstudios.com.au/""},{""position"":4,""title"":""Bridal Makeup Artist Melbourne | Soft Glam & Event Makeup | Makeup by Anastasia"",""url"":""https://www.makeupbyanastasia.com.au/""},{""position"":5,""title"":""Mobile Makeup Artist And Hairstylist Melbourne | Bridal Makeup Artist | Peggy Stasinos"",""url"":""https://pstasinosmakeup.com.au/""},{""position"":6,""title"":""Hair & Makeup Melbourne  | Amy Bysouth"",""url"":""https://www.amybysouth.com/""},{""position"":7,""title"":""Bridal & Occasion Makeup Melbourne | Curl Up & Dye | Curl Up & Dye"",""url"":""https://www.curlupndye.com.au/services/makeup""},{""position"":8,""title"":""Airyymakeup — Bridal Makeup Artist Melbourne"",""url"":""https://airyymakeup.com/""},{""position"":9,""title"":""GLAMAGENCY - Wedding Hair and Makeup Melbourne | Easy Weddings"",""url"":""https://www.easyweddings.com.au/WeddingHair/Melbourne/GLAMAGENCY""},{""position"":10,""title"":""Services - Nanette Hair and Makeup | Luxury Bridal Hair & Makeup Artist in Melbourne"",""url"":""https://nanette.net.au/services""}]"
"4","Indian makeup artist Melbourne","checked","checked","10","","[]","[{""position"":1,""title"":""Faiz Unnisa"",""url"":""https://linkedin.com/in/faiz-unnisa-271050a""},{""position"":2,""title"":""Vanessa Bate MUA "",""url"":""https://www.vanessabatemua.com/""},{""position"":3,""title"":""Alana MUHA | Melbourne Makeup & Hair Artist"",""url"":""https://www.alanamuha.com/""},{""position"":4,""title"":""Elizabeth Surtees Creative Makeup Artist Melbourne"",""url"":""https://www.elizabeth-surtees.com/""},{""position"":5,""title"":""Ruchi Shrestha"",""url"":""https://linkedin.com/in/ruchi-shrestha-4344b617a""},{""position"":6,""title"":""Manpreet Kang Makeup Artist 💄 (@manpreetkang.hmua)"",""url"":""https://www.instagram.com/manpreetkang.hmua/reels""},{""position"":7,""title"":""Hi everyone, my name is Natalie Gia 🤍 I'm a professional ..."",""url"":""https://www.facebook.com/groups/melbourneweddingsandbrides/posts/4400025106810520""},{""position"":8,""title"":""Professional Makeup Artist Melbourne | Natural Makeover ... ashmakeupartist.com.au https://www.ashmakeupartist.com.au"",""url"":""https://www.ashmakeupartist.com.au/""},{""position"":9,""title"":""Makeup en Melbourne AustralianPlanet https://www.australianplanet.com › melbourne › makeup"",""url"":""https://www.australianplanet.com/melbourne/makeup""},{""position"":10,""title"":""Manpreet Kang Makeup Artist 💄 (@manpreetkang.hmua)"",""url"":""https://www.instagram.com/manpreetkang.hmua?hl=en""}]"
"4","Indian bridal makeup Melbourne","checked","checked","10","","[]","[{""position"":1,""title"":""\n    Melbourne's Indian Bridal Lehenga Store | Rajashree Bridal\n  "",""url"":""https://rajashreebridal.com/""},{""position"":2,""title"":""Indian Mystique Salon | Top Hair & Beauty Services in Melbourne"",""url"":""https://www.indianmystique.com/""},{""position"":3,""title"":""Bridal Makeup Melbourne | Elise Bysouth — Elise Bysouth"",""url"":""https://www.elisebysouth.com/bridal""},{""position"":4,""title"":""Best Bridal makeup artist in Melbourne, Best Indian wedding makeup Artist, Top makeup academy course"",""url"":""https://ritusmakeovers.com.au/""},{""position"":5,""title"":""The Crimson Bride - Lajeen Artistry & Hair Stylisation"",""url"":""https://thecrimsonbride.com/lajeen-artistry""},{""position"":6,""title"":""Richa Alchiya Makeup Artist - Wedding Hair and Makeup Melbourne | Easy Weddings"",""url"":""https://www.easyweddings.com.au/WeddingHair/Melbourne/RichaAlchiyaMakeupArtist/""},{""position"":7,""title"":""Magical Makeovers - Melbourne Bridal Makeup & Hairstyling"",""url"":""https://magicalmakeovers.com.au/""},{""position"":8,""title"":""Melbourne Bridal Makeup Artist - Ellie Davidson Beauty"",""url"":""https://www.elliedavidsonbeauty.com/bridal""},{""position"":9,""title"":""NICOLE KENE - Melbourne Bridal Makeup Artist & Hair Stylist"",""url"":""https://www.nicolekene.com.au/""},{""position"":10,""title"":""Nadine Haddad (@nadinehaddadmakeup)"",""url"":""https://www.instagram.com/nadinehaddadmakeup?hl=en""}]"
"4","Indian wedding makeup Melbourne","checked","checked","10","","[]","[{""position"":1,""title"":""Indian Mystique Salon | Top Hair & Beauty Services in Melbourne"",""url"":""https://www.indianmystique.com/""},{""position"":2,""title"":""Best Bridal makeup artist in Melbourne, Best Indian wedding makeup Artist, Top makeup academy course"",""url"":""https://ritusmakeovers.com.au/""},{""position"":3,""title"":""Airyymakeup — Bridal Makeup Artist Melbourne"",""url"":""https://airyymakeup.com/""},{""position"":4,""title"":""Richa Alchiya Makeup Artist - Wedding Hair and Makeup Melbourne | Easy Weddings"",""url"":""https://www.easyweddings.com.au/WeddingHair/Melbourne/RichaAlchiyaMakeupArtist/""},{""position"":5,""title"":""Makeup and Hair by Lian Chan - Wedding Hair and Makeup Melbourne | Easy Weddings"",""url"":""https://www.easyweddings.com.au/WeddingHair/Melbourne/MakeupandHairbyLianChan""},{""position"":6,""title"":""Wedding Gallery — Melbourne Fashion & Bridal Makeup & Hair | May VL"",""url"":""https://www.mayvlmakeup.com/weddinggallery""},{""position"":7,""title"":""Magical Makeovers - Melbourne Bridal Makeup & Hairstyling"",""url"":""https://magicalmakeovers.com.au/""},{""position"":8,""title"":""Bridal Makeup & Hair Melbourne | Nie Makeup Artist"",""url"":""https://www.niemakeup.com/bridal""},{""position"":9,""title"":""HOME | Makeup by Lyna | Melbourne Bridal Makeup Artist & Hairstylist"",""url"":""https://www.makeupbylyna.com.au/""},{""position"":10,""title"":""HAYLEY B MAKEUP - Square"",""url"":""https://hayleybmakeup.square.site/""}]"
"4","South Asian bridal makeup Melbourne","checked","checked","10","","[]","[{""position"":1,""title"":""Bridal Makeup Melbourne | Elise Bysouth — Elise Bysouth"",""url"":""https://www.elisebysouth.com/bridal""},{""position"":2,""title"":""Airyymakeup — Bridal Makeup Artist Melbourne"",""url"":""https://airyymakeup.com/""},{""position"":3,""title"":""The Crimson Bride - Lajeen Artistry & Hair Stylisation"",""url"":""https://thecrimsonbride.com/lajeen-artistry/""},{""position"":4,""title"":""Asian Makeup Artist Melbourne, Asian Bridal Hair and ..."",""url"":""https://www.lovejournalmakeup.com.au/""},{""position"":5,""title"":""Home - South Asian Bride Magazine"",""url"":""https://southasianbridemagazine.com/""},{""position"":6,""title"":""Richa Alchiya Makeup Artist - Wedding Hair and Makeup Melbourne | Easy Weddings"",""url"":""https://www.easyweddings.com.au/WeddingHair/Melbourne/RichaAlchiyaMakeupArtist/""},{""position"":7,""title"":""Asian Hair and Makeup | Stiletto Styling"",""url"":""https://www.stilettostyling.com.au/asian-hair-and-makeup""},{""position"":8,""title"":""Makeup by Harley — Luxury Bridal Makeup Artist, Melbourne"",""url"":""https://harleymua.com/""},{""position"":9,""title"":""NICOLE KENE - Melbourne Bridal Makeup Artist & Hair Stylist"",""url"":""https://www.nicolekene.com.au/""},{""position"":10,""title"":""Bridal Make Up Artist Melbourne | Lily Infusion Wedding liw.com.au https://www.liw.com.au › bridal-makeup-artist-melbourne"",""url"":""https://www.liw.com.au/bridal-makeup-artist-melbourne""}]"
"4","South Asian makeup artist Melbourne","checked","checked","10","","[]","[{""position"":1,""title"":""Faiz Unnisa"",""url"":""https://linkedin.com/in/faiz-unnisa-271050a""},{""position"":2,""title"":""Alana MUHA | Melbourne Makeup & Hair Artist"",""url"":""https://www.alanamuha.com/""},{""position"":3,""title"":""Elizabeth Surtees Creative Makeup Artist Melbourne"",""url"":""https://www.elizabeth-surtees.com/""},{""position"":4,""title"":""Vanessa Bate MUA "",""url"":""https://www.vanessabatemua.com/""},{""position"":5,""title"":""Asian Makeup Artist Melbourne Instagram https://www.instagram.com › popular › asian-makeup-a..."",""url"":""https://www.instagram.com/popular/asian-makeup-artist-melbourne""},{""position"":6,""title"":""Kefira Southgate"",""url"":""https://linkedin.com/in/kefira-southgate-293b6837a""},{""position"":7,""title"":""By Natasha | Makeup Artist Melbourne | Essendon & Moonee Ponds"",""url"":""https://www.bynatasha.com.au/""},{""position"":8,""title"":""Ruchi Shrestha"",""url"":""https://linkedin.com/in/ruchi-shrestha-4344b617a""},{""position"":9,""title"":""Bridal Make Up Artist Melbourne | Lily Infusion Wedding liw.com.au https://www.liw.com.au › bridal-makeup-artist-melbourne"",""url"":""https://www.liw.com.au/bridal-makeup-artist-melbourne""},{""position"":10,""title"":""MELBOURNE MAKEUP ARTIST - ALYSSA CHAN"",""url"":""https://www.instagram.com/p/DQ-384-Eh14""}]"
"4","Pakistani bridal makeup Melbourne","checked","checked","10","","[]","[{""position"":1,""title"":""The Crimson Bride - Lajeen Artistry & Hair Stylisation"",""url"":""https://thecrimsonbride.com/lajeen-artistry""},{""position"":2,""title"":""Nadine Haddad (@nadinehaddadmakeup)"",""url"":""https://www.instagram.com/nadinehaddadmakeup?hl=en""},{""position"":3,""title"":""Melbourne Fashion & Bridal Makeup & Hair | May VL"",""url"":""https://www.mayvlmakeup.com/""},{""position"":4,""title"":""Richa Alchiya Makeup Artist - Wedding Hair and Makeup Melbourne | Easy Weddings"",""url"":""https://www.easyweddings.com.au/WeddingHair/Melbourne/RichaAlchiyaMakeupArtist/""},{""position"":5,""title"":""Pakistani Bridal Makeup royalty-free images"",""url"":""https://www.shutterstock.com/search/pakistani-bridal-makeup""},{""position"":6,""title"":""Pakistani Bridal Makeup"",""url"":""https://www.pinterest.com/ideas/pakistani-bridal-makeup/911668648970""},{""position"":7,""title"":""Magical Makeovers - Melbourne Bridal Makeup & Hairstyling"",""url"":""https://magicalmakeovers.com.au/""},{""position"":8,""title"":""Once Upon a Bride – MELBOURNE HAIR & MAKEUP ARTIST"",""url"":""https://onceuponabride.com.au/""},{""position"":9,""title"":""Bridal Makeup Pakistan"",""url"":""https://ca.pinterest.com/mmhi99/bridal-makeup-pakistan""},{""position"":10,""title"":""Airyymakeup — Bridal Makeup Artist Melbourne"",""url"":""https://airyymakeup.com/""}]"
"4","Sri Lankan bridal makeup Melbourne","checked after retry","failed","10","","[]","[{""position"":1,""title"":""Weddings – Simone Lee Brennan"",""url"":""https://simoneleebrennan.com/portfolio""},{""position"":2,""title"":""About – Simone Lee Brennan"",""url"":""https://simoneleebrennan.com/about""},{""position"":3,""title"":""The Crimson Bride - Lajeen Artistry & Hair Stylisation"",""url"":""https://thecrimsonbride.com/lajeen-artistry""},{""position"":4,""title"":""Magical Makeovers - Melbourne Bridal Makeup & Hairstyling"",""url"":""https://magicalmakeovers.com.au/""},{""position"":5,""title"":""Melbourne Bridal Makeup Artist | Yaya Makeup Studio | Wedding Makeup Melbourne"",""url"":""https://yayamakeup.studio/en""},{""position"":6,""title"":""Once Upon a Bride – MELBOURNE HAIR & MAKEUP ARTIST"",""url"":""https://onceuponabride.com.au/""},{""position"":7,""title"":""Makeup Artist Helen | Bridal Hair and Makeup | Melbourne"",""url"":""https://www.makeupartisthelen.com/""},{""position"":8,""title"":""Tracey Shelley Makeup (@traceyshelleymakeup)"",""url"":""https://www.instagram.com/traceyshelleymakeup""},{""position"":9,""title"":""Elly Liana (@makeupbyellyliana)"",""url"":""https://www.instagram.com/makeupbyellyliana?hl=en""},{""position"":10,""title"":""HAYLEY B MAKEUP - Square"",""url"":""https://hayleybmakeup.square.site/""}]"
"4","Bangladeshi bridal makeup Melbourne","checked","checked","9","","[]","[{""position"":1,""title"":""Nadine Haddad (@nadinehaddadmakeup)"",""url"":""https://www.instagram.com/nadinehaddadmakeup?hl=en""},{""position"":2,""title"":""Melbourne Fashion & Bridal Makeup & Hair | May VL"",""url"":""https://www.mayvlmakeup.com/""},{""position"":3,""title"":""The Crimson Bride - Lajeen Artistry & Hair Stylisation"",""url"":""https://thecrimsonbride.com/lajeen-artistry""},{""position"":4,""title"":""Bridal Makeup & Hair Melbourne | Nie Makeup Artist"",""url"":""https://www.niemakeup.com/bridal""},{""position"":5,""title"":""Richa Alchiya Makeup Artist - Wedding Hair and Makeup Melbourne | Easy Weddings"",""url"":""https://www.easyweddings.com.au/WeddingHair/Melbourne/RichaAlchiyaMakeupArtist/""},{""position"":6,""title"":""Magical Makeovers - Melbourne Bridal Makeup & Hairstyling"",""url"":""https://magicalmakeovers.com.au/""},{""position"":7,""title"":""Once Upon a Bride – MELBOURNE HAIR & MAKEUP ARTIST"",""url"":""https://onceuponabride.com.au/""},{""position"":8,""title"":""BRIDAL MAKEUP ARTIST (@tianasantaluciamua)"",""url"":""https://www.instagram.com/tianasantaluciamua""},{""position"":9,""title"":""𝗣𝗔𝗥𝗡𝗘𝗘𝗧 𝗦𝗔𝗡𝗗𝗛𝗨 (@makeupbyparneetsandhu)"",""url"":""https://www.instagram.com/makeupbyparneetsandhu?hl=en""}]"
"4","Indian bridal makeup Melbourne CBD","checked","checked","10","","[]","[{""position"":1,""title"":""\n    Melbourne's Indian Bridal Lehenga Store | Rajashree Bridal\n  "",""url"":""https://rajashreebridal.com/""},{""position"":2,""title"":""The Crimson Bride - Lajeen Artistry & Hair Stylisation"",""url"":""https://thecrimsonbride.com/lajeen-artistry""},{""position"":3,""title"":""Melbourne Fashion & Bridal Makeup & Hair | May VL"",""url"":""https://www.mayvlmakeup.com/""},{""position"":4,""title"":""Bridal Makeup & Hair Melbourne | Nie Makeup Artist"",""url"":""https://www.niemakeup.com/bridal""},{""position"":5,""title"":""Best Bridal makeup artist in Melbourne, Best Indian wedding makeup Artist, Top makeup academy course"",""url"":""https://ritusmakeovers.com.au/""},{""position"":6,""title"":""Magical Makeovers - Melbourne Bridal Makeup & Hairstyling"",""url"":""https://magicalmakeovers.com.au/""},{""position"":7,""title"":""Once Upon a Bride – MELBOURNE HAIR & MAKEUP ARTIST"",""url"":""https://onceuponabride.com.au/""},{""position"":8,""title"":""Airyymakeup — Bridal Makeup Artist Melbourne"",""url"":""https://airyymakeup.com/""},{""position"":9,""title"":""Bridal Designers | Always & Forever Bridal"",""url"":""https://www.alwaysandforeverbridal.com.au/our-designers""},{""position"":10,""title"":""Indian Bridal Makeup Artist in Greenville, SC | Indian Bridal Studio"",""url"":""https://indianbridalstudio.com/""}]"
"4","South Asian bridal makeup Southbank","checked","checked","10","","[]","[{""position"":1,""title"":""Creating a South Asian Bridal Makeup Look - QC Makeup Academy"",""url"":""https://www.qcmakeupacademy.com/blog/2017/10/creating-south-asian-bridal-makeup-look""},{""position"":2,""title"":""South Asian Bridal — NGM Artistry"",""url"":""https://makeupbyngm.com/south-asian-bridal""},{""position"":3,""title"":""South Asian Wedding Makeup Inspiration for Gorgeous Desi Brides | Make Me Bridal"",""url"":""https://makemebridal.co.uk/bridal-beauty/south-asian-wedding-makeup-inspiration-for-gorgeous-desi-brides""},{""position"":4,""title"":""Every Beauty Product You Need As A South Asian Bride 2024"",""url"":""https://graziadaily.co.uk/beauty-hair/makeup/indian-bridal-wedding-beauty-guide""},{""position"":5,""title"":""South Asian Bridal - Polished Makeup & Hair Mobile Beauty Team"",""url"":""https://polishedmakeupandhair.com/south-asian-bridal""},{""position"":6,""title"":""South Indian Bridal Makeup: 20+ Brides Who Totally Rocked This Look | WedMeGood"",""url"":""https://www.wedmegood.com/blog/20-brides-who-looked-ethereal-in-south-indian-bridal-makeup""},{""position"":7,""title"":""South Asian Bridal Makeup: Trends and Tips for Your Big Day | Alora Blog"",""url"":""http://alora.wedding/blog/south-asian-bridal-makeup-trends-tips""},{""position"":8,""title"":""South Asian & Indian Bridal Makeup Artist"",""url"":""https://www.saltspellbeauty.com/south-asian-indian-bridal-makeup-artist""},{""position"":9,""title"":""Sonam Singh Bridal Studio | Luxury Bridal Makeup Artist"",""url"":""https://sonamsingh.com.au/services""},{""position"":10,""title"":""Unleash Your Desi Bridal Beauty: Book the Top Indian Wedding Makeup Artist — Cinderella Bridez"",""url"":""https://www.cinderellabridez.com/our-history""}]"
"5","East Asian bridal makeup Melbourne","checked","checked","10","","[]","[{""position"":1,""title"":""Airyymakeup — Bridal Makeup Artist Melbourne"",""url"":""https://airyymakeup.com/""},{""position"":2,""title"":""Bridal Makeup Melbourne | Elise Bysouth — Elise Bysouth"",""url"":""https://www.elisebysouth.com/bridal""},{""position"":3,""title"":""NICOLE KENE - Melbourne Bridal Makeup Artist & Hair Stylist"",""url"":""https://www.nicolekene.com.au/""},{""position"":4,""title"":""Asian Hair and Makeup | Stiletto Styling"",""url"":""https://www.stilettostyling.com.au/asian-hair-and-makeup""},{""position"":5,""title"":""Melbourne Bridal Makeup Artist - Ellie Davidson Beauty"",""url"":""https://www.elliedavidsonbeauty.com/bridal""},{""position"":6,""title"":""Mobile Makeup Artist And Hairstylist Melbourne | Bridal Makeup Artist | Peggy Stasinos"",""url"":""https://pstasinosmakeup.com.au/""},{""position"":7,""title"":""Bridal Makeup Artist Melbourne | Soft Glam & Event Makeup | Makeup by Anastasia"",""url"":""https://www.makeupbyanastasia.com.au/""},{""position"":8,""title"":""Magical Makeovers - Melbourne Bridal Makeup & Hairstyling"",""url"":""https://magicalmakeovers.com.au/""},{""position"":9,""title"":""Bridal Make Up Artist Melbourne | Lily Infusion Wedding liw.com.au https://www.liw.com.au › bridal-makeup-artist-melbourne"",""url"":""https://www.liw.com.au/bridal-makeup-artist-melbourne""},{""position"":10,""title"":""HAYLEY B MAKEUP - Square"",""url"":""https://hayleybmakeup.square.site/""}]"
"5","Korean bridal makeup Melbourne","checked","checked","10","","[]","[{""position"":1,""title"":""Airyymakeup — Bridal Makeup Artist Melbourne"",""url"":""https://airyymakeup.com/""},{""position"":2,""title"":""NICOLE KENE - Melbourne Bridal Makeup Artist & Hair Stylist"",""url"":""https://www.nicolekene.com.au/""},{""position"":3,""title"":""Bridal Makeup Melbourne | Elise Bysouth — Elise Bysouth"",""url"":""https://www.elisebysouth.com/bridal""},{""position"":4,""title"":""Melbourne Bridal Makeup and Hair Styling - Kristy Bassett"",""url"":""https://www.kristybassett.com/bridal.html""},{""position"":5,""title"":""Zoe Karlis - Melbourne Bridal Makeup"",""url"":""https://www.zoekarlisbridal.com/""},{""position"":6,""title"":""Makeup by Harley — Luxury Bridal Makeup Artist, Melbourne"",""url"":""https://harleymua.com/""},{""position"":7,""title"":""Makeup Artist Melbourne - Best Bridal Makeup Artist | Makeup by Khatira"",""url"":""https://www.makeupbykhatira.com.au/""},{""position"":8,""title"":""Melbourne Bridal Makeup Artist - Ellie Davidson Beauty"",""url"":""https://www.elliedavidsonbeauty.com/bridal""},{""position"":9,""title"":""Portfolio — Makeup by Harley"",""url"":""https://harleymua.com/portfolio""},{""position"":10,""title"":""Asian Hair and Makeup | Stiletto Styling"",""url"":""https://www.stilettostyling.com.au/asian-hair-and-makeup""}]"
"5","Chinese bridal makeup Melbourne","checked","checked","10","","[]","[{""position"":1,""title"":""Bridal Makeup Melbourne | Elise Bysouth — Elise Bysouth"",""url"":""https://www.elisebysouth.com/bridal""},{""position"":2,""title"":""Asian Hair and Makeup | Stiletto Styling"",""url"":""https://www.stilettostyling.com.au/asian-hair-and-makeup""},{""position"":3,""title"":""NICOLE KENE - Melbourne Bridal Makeup Artist & Hair Stylist"",""url"":""https://www.nicolekene.com.au/""},{""position"":4,""title"":""Richa Alchiya Makeup Artist - Wedding Hair and Makeup Melbourne | Easy Weddings"",""url"":""https://www.easyweddings.com.au/WeddingHair/Melbourne/RichaAlchiyaMakeupArtist/""},{""position"":5,""title"":""Shine Shine Studio"",""url"":""https://shineshinestudio.com/""},{""position"":6,""title"":""Melbourne Bridal Makeup Artist - Ellie Davidson Beauty"",""url"":""https://www.elliedavidsonbeauty.com/bridal""},{""position"":7,""title"":""Makeup Artist Melbourne - Best Bridal Makeup Artist | Makeup by Khatira"",""url"":""https://www.makeupbykhatira.com.au/""},{""position"":8,""title"":""Magical Makeovers - Melbourne Bridal Makeup & Hairstyling"",""url"":""https://magicalmakeovers.com.au/""},{""position"":9,""title"":""Bridal Makeup Artist Melbourne | Soft Glam & Event Makeup | Makeup by Anastasia"",""url"":""https://www.makeupbyanastasia.com.au/""},{""position"":10,""title"":""Mobile Makeup Artist And Hairstylist Melbourne | Bridal Makeup Artist | Peggy Stasinos"",""url"":""https://pstasinosmakeup.com.au/""}]"
"5","Douyin bridal makeup Melbourne","checked","checked","10","","[]","[{""position"":1,""title"":""Once Upon a Bride – MELBOURNE HAIR & MAKEUP ARTIST"",""url"":""https://onceuponabride.com.au/""},{""position"":2,""title"":""Melbourne Fashion & Bridal Makeup & Hair | May VL"",""url"":""https://www.mayvlmakeup.com/""},{""position"":3,""title"":""Magical Makeovers - Melbourne Bridal Makeup & Hairstyling"",""url"":""https://magicalmakeovers.com.au/""},{""position"":4,""title"":""Mobile Makeup Artist And Hairstylist Melbourne | Bridal Makeup Artist | Peggy Stasinos"",""url"":""https://pstasinosmakeup.com.au/""},{""position"":5,""title"":""Kirsi Mae Lebria"",""url"":""https://www.facebook.com/kirxiang/posts/27237974412460803""},{""position"":6,""title"":""Best Australian Makeup Artists | Famous, Professional Influencers in Sydney & Melbourne | Bridal Makeup | Wedding Beauty Artists"",""url"":""https://thewed.com/magazine/15-best-makeup-artists-in-australia""},{""position"":7,""title"":""Makeup Artist Helen | Bridal Hair and Makeup | Melbourne"",""url"":""https://www.makeupartisthelen.com/""},{""position"":8,""title"":""Hair and Makeup Artist Melbourne | Glamour Studios"",""url"":""https://glamourstudios.com.au/""},{""position"":9,""title"":""Amanda Lee Makeup (@amandaleemakeup)"",""url"":""https://www.tiktok.com/@amandaleemakeup""},{""position"":10,""title"":""Portfolio — Makeup by Harley"",""url"":""https://harleymua.com/portfolio""}]"
"5","glass skin bridal makeup Melbourne","checked","checked","10","","[]","[{""position"":1,""title"":""Airyymakeup — Bridal Makeup Artist Melbourne"",""url"":""https://airyymakeup.com/""},{""position"":2,""title"":""Bridal Makeup Melbourne | Elise Bysouth — Elise Bysouth"",""url"":""https://www.elisebysouth.com/bridal""},{""position"":3,""title"":""Bridal Makeup Artist Melbourne | Soft Glam & Event Makeup | Makeup by Anastasia"",""url"":""https://www.makeupbyanastasia.com.au/""},{""position"":4,""title"":""Glass & Warm Glow Skin:"",""url"":""https://thewed.com/magazine/major-bridal-beauty-trends-for-2026""},{""position"":5,""title"":""NICOLE KENE - Melbourne Bridal Makeup Artist & Hair Stylist"",""url"":""https://www.nicolekene.com.au/""},{""position"":6,""title"":""Melbourne Bridal Makeup Artist - Ellie Davidson Beauty"",""url"":""https://www.elliedavidsonbeauty.com/bridal""},{""position"":7,""title"":""Makeup Artist Melbourne | Makeup By Lola JO"",""url"":""https://makeupbylolajo.com.au/the-artist""},{""position"":8,""title"":""Portfolio — Makeup by Harley"",""url"":""https://harleymua.com/portfolio""},{""position"":9,""title"":""Elise Bysouth | Melbourne Bridal & Event Makeup Artist"",""url"":""https://www.elisebysouth.com/""},{""position"":10,""title"":""HAYLEY B MAKEUP - Square"",""url"":""https://hayleybmakeup.square.site/""}]"
"5","Middle Eastern bridal makeup Melbourne","checked","checked","10","","[]","[{""position"":1,""title"":""Bridal Makeup Melbourne | Elise Bysouth — Elise Bysouth"",""url"":""https://www.elisebysouth.com/bridal""},{""position"":2,""title"":""NICOLE KENE - Melbourne Bridal Makeup Artist & Hair Stylist"",""url"":""https://www.nicolekene.com.au/""},{""position"":3,""title"":""By Madeline Makeup – bymadelinemakeup"",""url"":""https://www.bymadelinemua.com/""},{""position"":4,""title"":""Mobile Makeup Artist And Hairstylist Melbourne | Bridal Makeup Artist | Peggy Stasinos"",""url"":""https://pstasinosmakeup.com.au/""},{""position"":5,""title"":""Once Upon a Bride – MELBOURNE HAIR & MAKEUP ARTIST"",""url"":""https://onceuponabride.com.au/""},{""position"":6,""title"":""Melbourne Bridal Makeup Artist - Ellie Davidson Beauty"",""url"":""https://www.elliedavidsonbeauty.com/bridal""},{""position"":7,""title"":""Magical Makeovers - Melbourne Bridal Makeup & Hairstyling"",""url"":""https://magicalmakeovers.com.au/""},{""position"":8,""title"":""Makeup Artist Helen | Bridal Hair and Makeup | Melbourne"",""url"":""https://www.makeupartisthelen.com/""},{""position"":9,""title"":""Nadine Haddad (@nadinehaddadmakeup)"",""url"":""https://www.instagram.com/nadinehaddadmakeup?hl=en""},{""position"":10,""title"":""LAILA TALEB (@beautyby.laila)"",""url"":""https://www.instagram.com/beautyby.laila?hl=en""}]"
"5","Arabic bridal makeup Melbourne","checked","checked","10","","[]","[{""position"":1,""title"":""Bridal Makeup Melbourne | Elise Bysouth — Elise Bysouth"",""url"":""https://www.elisebysouth.com/bridal""},{""position"":2,""title"":""Makeup Artist Melbourne - Best Bridal Makeup Artist | Makeup by Khatira"",""url"":""https://www.makeupbykhatira.com.au/""},{""position"":3,""title"":""NICOLE KENE - Melbourne Bridal Makeup Artist & Hair Stylist"",""url"":""https://www.nicolekene.com.au/""},{""position"":4,""title"":""Glamorous Arabic Bridal Makeup Look to Inspire You | Arabia Weddings"",""url"":""https://www.arabiaweddings.com/articles/glamorous-makeup-looks-for-the-arab-bride""},{""position"":5,""title"":""Arabic Bridal Makeup in Achanta | ID: 7786076497"",""url"":""https://www.indiamart.com/proddetail/arabic-bridal-makeup-7786076497.html""},{""position"":6,""title"":""Melbourne Bridal Makeup Artist - Ellie Davidson Beauty"",""url"":""https://www.elliedavidsonbeauty.com/bridal""},{""position"":7,""title"":""Richa Alchiya Makeup Artist - Wedding Hair and Makeup Melbourne | Easy Weddings"",""url"":""https://www.easyweddings.com.au/WeddingHair/Melbourne/RichaAlchiyaMakeupArtist/""},{""position"":8,""title"":""Once Upon a Bride – MELBOURNE HAIR & MAKEUP ARTIST"",""url"":""https://onceuponabride.com.au/""},{""position"":9,""title"":""Bridal Makeup Artist Melbourne | Soft Glam & Event Makeup | Makeup by Anastasia"",""url"":""https://www.makeupbyanastasia.com.au/""},{""position"":10,""title"":""Mobile Makeup Artist And Hairstylist Melbourne | Bridal Makeup Artist | Peggy Stasinos"",""url"":""https://pstasinosmakeup.com.au/""}]"
"5","multicultural bridal makeup Melbourne","checked","checked","10","","[]","[{""position"":1,""title"":""Magical Makeovers - Melbourne Bridal Makeup & Hairstyling"",""url"":""https://magicalmakeovers.com.au/""},{""position"":2,""title"":""Once Upon a Bride – MELBOURNE HAIR & MAKEUP ARTIST"",""url"":""https://onceuponabride.com.au/""},{""position"":3,""title"":""Best Bridal makeup artist in Melbourne, Best Indian wedding makeup Artist, Top makeup academy course"",""url"":""https://ritusmakeovers.com.au/""},{""position"":4,""title"":""Best bridal makeup artists of Melbourne & Victoria | voted by real brides"",""url"":""https://abia.com.au/wedding-blog/best-bridal-makeup-artists-and-hair-stylists-of-melbourne-geelong-mornington""},{""position"":5,""title"":""Wedding Gallery — Melbourne Fashion & Bridal Makeup & Hair | May VL"",""url"":""https://www.mayvlmakeup.com/weddinggallery""},{""position"":6,""title"":""Mobile Makeup Artist And Hairstylist Melbourne | Bridal Makeup Artist | Peggy Stasinos"",""url"":""https://pstasinosmakeup.com.au/""},{""position"":7,""title"":""Melbourne Fashion & Bridal Makeup & Hair | May VL"",""url"":""https://www.mayvlmakeup.com/""},{""position"":8,""title"":""Makeup by Holly Beauty Partners"",""url"":""https://www.makeupbyhollyb.com/""},{""position"":9,""title"":""Bridal MUA Sadia Sayar - Wedding Hair and Makeup"",""url"":""https://www.easyweddings.com.au/WeddingHair/Melbourne/BridalMUASadiaSayar""},{""position"":10,""title"":""Alondra Gatae"",""url"":""https://alondragatae.com/""}]"
"5","bridal party makeup Melbourne","checked","checked","10","","[]","[{""position"":1,""title"":""Magical Makeovers - Melbourne Bridal Makeup & Hairstyling"",""url"":""https://magicalmakeovers.com.au/""},{""position"":2,""title"":""Bridal Makeup Melbourne | Elise Bysouth — Elise Bysouth"",""url"":""https://www.elisebysouth.com/bridal""},{""position"":3,""title"":""Wedding Hair and Makeup Artist, Melbourne Based Mobile Service"",""url"":""http://www.alisonlarwood.com/""},{""position"":4,""title"":""Mobile Bridal Hair and Makeup Melbourne | Vivian Artistry"",""url"":""https://vivianartistry.au/""},{""position"":5,""title"":""Mobile Makeup Artist And Hairstylist Melbourne | Bridal Makeup Artist | Peggy Stasinos"",""url"":""https://pstasinosmakeup.com.au/""},{""position"":6,""title"":""Airyymakeup — Bridal Makeup Artist Melbourne"",""url"":""https://airyymakeup.com/""},{""position"":7,""title"":""Bridal Makeup Artist Melbourne | Soft Glam & Event Makeup | Makeup by Anastasia"",""url"":""https://www.makeupbyanastasia.com.au/""},{""position"":8,""title"":""Melbourne Bridal Makeup and Hair Styling - Kristy Bassett"",""url"":""https://www.kristybassett.com/bridal.html""},{""position"":9,""title"":""Melbourne Fashion & Bridal Makeup & Hair | May VL"",""url"":""https://www.mayvlmakeup.com/""},{""position"":10,""title"":""Artistry By Maria | Professional Bridal Makeup Artist & Educator Melbourne – Bridal"",""url"":""https://www.artistrybymaria.com/bridal""}]"
"5","bridesmaid makeup Melbourne","checked","checked","10","","[]","[{""position"":1,""title"":""Airyymakeup — Bridal Makeup Artist Melbourne"",""url"":""https://airyymakeup.com/""},{""position"":2,""title"":""Melbourne Fashion & Bridal Makeup & Hair | May VL"",""url"":""https://www.mayvlmakeup.com/""},{""position"":3,""title"":""Wedding Gallery — Melbourne Fashion & Bridal Makeup & Hair | May VL"",""url"":""https://www.mayvlmakeup.com/weddinggallery""},{""position"":4,""title"":""Mobile Makeup Artist And Hairstylist Melbourne | Bridal Makeup Artist | Peggy Stasinos"",""url"":""https://pstasinosmakeup.com.au/""},{""position"":5,""title"":""Bridal Makeup Artist Melbourne | Soft Glam & Event Makeup | Makeup by Anastasia"",""url"":""https://www.makeupbyanastasia.com.au/""},{""position"":6,""title"":""Bridal Makeup & Hair Melbourne | Nie Makeup Artist"",""url"":""https://www.niemakeup.com/bridal""},{""position"":7,""title"":""Magical Makeovers - Melbourne Bridal Makeup & Hairstyling"",""url"":""https://magicalmakeovers.com.au/""},{""position"":8,""title"":""Bri Artistry - Wedding Hair and Makeup Melbourne | Easy Weddings"",""url"":""https://www.easyweddings.com.au/WeddingHair/YarraValley/BriArtistry""},{""position"":9,""title"":""Once Upon a Bride – MELBOURNE HAIR & MAKEUP ARTIST"",""url"":""https://onceuponabride.com.au/""},{""position"":10,""title"":""Bridesmaid Makeup Pinterest https://www.pinterest.com › ... › Wedding Makeup"",""url"":""https://www.pinterest.com/ideas/bridesmaid-makeup/908630854369""}]"
"6","soft glam makeup Melbourne","checked","checked","10","","[]","[{""position"":1,""title"":""Bridal Makeup Artist Melbourne | Soft Glam & Event Makeup | Makeup by Anastasia"",""url"":""https://www.makeupbyanastasia.com.au/""},{""position"":2,""title"":""Hair & Makeup Melbourne  | Amy Bysouth"",""url"":""https://www.amybysouth.com/""},{""position"":3,""title"":""Bridal Hair & Makeup Artist in Melbourne | Soft Glam Weddings — Amy Bysouth"",""url"":""https://www.amybysouth.com/bridal""},{""position"":4,""title"":""Beauty by Sonianne | Melbourne VIC"",""url"":""https://www.facebook.com/BeautyBySonianne""},{""position"":5,""title"":""Soft glam, timeless beauty, and a breathtaking celebration at ..."",""url"":""https://www.instagram.com/reel/DZHMptCzvSg""},{""position"":6,""title"":""Soft Glam Collection | e.l.f. Cosmetics"",""url"":""https://www.elfcosmetics.com/holy-grail-collections/soft-glam-collection""},{""position"":7,""title"":""Bridal Portfolio — Shrinking Violet Makeup"",""url"":""https://www.shrinkingvioletmakeup.com/portfolio""},{""position"":8,""title"":""Testimonials — Shrinking Violet Makeup"",""url"":""https://www.shrinkingvioletmakeup.com/testimonials""},{""position"":9,""title"":""Love meeting all my formal girls for their glam appointments ..."",""url"":""https://www.instagram.com/reel/DGkq7-Mh36O""},{""position"":10,""title"":""About Amy | Melbourne Hair & Makeup Artist — Amy Bysouth"",""url"":""https://www.amybysouth.com/about""}]"
"6","soft glam makeup artist Melbourne","checked","checked","10","","[]","[{""position"":1,""title"":""Renee Zanelli"",""url"":""https://linkedin.com/in/reneezanelli""},{""position"":2,""title"":""Melbourne and Bali Makeup Artist | Natural Soft Glam Looks"",""url"":""https://www.liviasamudera.com/""},{""position"":3,""title"":""About Amy | Melbourne Hair & Makeup Artist — Amy Bysouth"",""url"":""https://www.amybysouth.com/about""},{""position"":4,""title"":""Hi everyone, my name is Natalie Gia 🤍 I'm a professional ..."",""url"":""https://www.facebook.com/groups/melbourneweddingsandbrides/posts/4400025106810520""},{""position"":5,""title"":""Bridal Makeup Artist Melbourne | Soft Glam & Event Makeup | Makeup by Anastasia"",""url"":""https://www.makeupbyanastasia.com.au/""},{""position"":6,""title"":""Hair & Makeup Melbourne  | Amy Bysouth"",""url"":""https://www.amybysouth.com/""},{""position"":7,""title"":""Melbourne Makeup Artist | Makeup By Stephanie Jane"",""url"":""https://www.stephaniejane.com.au/""},{""position"":8,""title"":""Sarah Freeman"",""url"":""https://linkedin.com/in/sarahjanefreeman""},{""position"":9,""title"":""Beauty by Sonianne | Melbourne VIC"",""url"":""https://www.facebook.com/BeautyBySonianne""},{""position"":10,""title"":""Alison Azzopardi"",""url"":""https://linkedin.com/in/alison-azzopardi-811a0772""}]"
"6","soft glam Melbourne CBD","checked","checked","9","","[]","[{""position"":1,""title"":""Tradition Meets Innovation at the Filipino Gem Askal, in the Heart of Melbourne’s CBD – Daily Addict"",""url"":""https://www.dailyaddict.com.au/tradition-meets-innovation-at-the-filipino-gem-askal-in-the-heart-of-the-cbd""},{""position"":2,""title"":""Soft glam, gold details & pearl vibes ✨🤍 Classy never goes ..."",""url"":""https://www.instagram.com/p/DYO8sqUiOGb""},{""position"":3,""title"":""About Us | Browz & Lash Glam"",""url"":""http://browzlashglam.com.au/about-us""},{""position"":4,""title"":""Franck Provost Melbourne CBD | Luxury hair salon Melbourne"",""url"":""http://www.franckprovost.com.au/franck-provost-hairdresser-hair-salon-melbourne-cbd""},{""position"":5,""title"":""Soft Glam | Step Outside The Box"",""url"":""https://www.sotbbeauty.com/service-page/soft-glam""},{""position"":6,""title"":""Soft glam, timeless beauty, and a breathtaking celebration at ..."",""url"":""https://www.instagram.com/reel/DZHMptCzvSg""},{""position"":7,""title"":""Melbourne Glamour Home"",""url"":""https://melbourneglamour.com.au/""},{""position"":8,""title"":""Hair & Makeup Melbourne  | Amy Bysouth"",""url"":""https://www.amybysouth.com/""},{""position"":9,""title"":""We can never get enough of a soft glam! ..."",""url"":""https://www.instagram.com/p/DbLdUBUkTz3""}]"
"6","soft glam Southbank","checked","checked","10","","[]","[{""position"":1,""title"":""Soft Glam | Step Outside The Box"",""url"":""https://www.sotbbeauty.com/service-page/soft-glam""},{""position"":2,""title"":""Yasmin Lu Artistry | Melbourne [ Book now ]"",""url"":""https://yasminluartistry.setmore.com/""},{""position"":3,""title"":""\n      Soft Glam\n – Nail Couture By Crystal Nicole"",""url"":""https://shopnailcouture.com/collections/soft-glam""},{""position"":4,""title"":""Soft Glam for this beauty 💓 For Booking Info, please send ..."",""url"":""https://www.instagram.com/p/DC1Jr24JvN7""},{""position"":5,""title"":""Soft glam will be a success every time. If you haven't ..."",""url"":""https://www.instagram.com/reel/DbZOjIaNV1I""},{""position"":6,""title"":""Soft glam is always in style. 🤍✨ This look is all about ..."",""url"":""https://www.instagram.com/reel/DbZ3ZyLvRcB""},{""position"":7,""title"":""The soft glam you can wear anywhere | DM to Book or go to ..."",""url"":""https://www.instagram.com/reel/DPjvvvEDsxE?hl=en""},{""position"":8,""title"":""Soft doll glam 🤍 @bykarima__ @shamma_makeupartist"",""url"":""https://www.instagram.com/p/DVwpU1tDLJy""},{""position"":9,""title"":""Soft Glam to High Glam Makeup - THE TEMPLE a Paul Mitchell Partner School | Frederick | Annapolis"",""url"":""https://pmthetemple.edu/event/soft-glam-to-high-glam-makeup-frederick-11-2-2026""},{""position"":10,""title"":""Schedule Appointment with The Glam Status"",""url"":""https://app.acuityscheduling.com/schedule.php?owner=29470781""}]"
"6","natural makeup artist Melbourne","checked","checked","10","","[]","[{""position"":1,""title"":""Wedding Hair and Makeup Artist, Melbourne Based Mobile Service"",""url"":""http://www.alisonlarwood.com/""},{""position"":2,""title"":""Melbourne and Bali Makeup Artist | Natural Soft Glam Looks"",""url"":""https://www.liviasamudera.com/""},{""position"":3,""title"":""Professional Makeup Artist Melbourne | Natural Makeover ..."",""url"":""https://www.ashmakeupartist.com.au/""},{""position"":4,""title"":""Melonie Santos MUA💄 (@meloniesantos) · Melbourne, VIC"",""url"":""https://www.instagram.com/meloniesantos?hl=en""},{""position"":5,""title"":""Melbourne Makeup Artist (@kateashman_makeup)"",""url"":""https://www.instagram.com/kateashman_makeup""},{""position"":6,""title"":""By Natasha | Makeup Artist Melbourne | Essendon & Moonee Ponds"",""url"":""https://www.bynatasha.com.au/""},{""position"":7,""title"":""Yasmin Lu Artistry | Melbourne [ Book now ]"",""url"":""https://yasminluartistry.setmore.com/""},{""position"":8,""title"":""Nicole Groch Cruelty Free, Vegan Hair & Makeup Melbourne Cruelty Free Beauty Campaigns by Nicole Groch Page 1.— Nicole Groch  Hair & Makeup Nicole Groch Cruelty Free Hair & Makeup Artist"",""url"":""http://nicolegroch.com.au/bio""},{""position"":9,""title"":""Alana MUHA | Melbourne Makeup & Hair Artist"",""url"":""https://www.alanamuha.com/""},{""position"":10,""title"":""Vanessa Bate MUA "",""url"":""https://www.vanessabatemua.com/""}]"
"6","full glam makeup Melbourne","checked after retry","failed","10","","[]","[{""position"":1,""title"":""Glamagency | Melbourne Hair & Makeup Agency"",""url"":""https://www.glamagency.com.au/""},{""position"":2,""title"":""Hair and Makeup Melbourne | Glamagency"",""url"":""https://www.glamagency.com.au/services""},{""position"":3,""title"":""Hair & Makeup Artists in Melbourne | Glamagency"",""url"":""https://www.glamagency.com.au/artists""},{""position"":4,""title"":""Wedding Hair and Makeup Melbourne | Hair Salons And Makeup Artists"",""url"":""https://www.easyweddings.com.au/WeddingHair/Melbourne""},{""position"":5,""title"":""Hair & Makeup Melbourne  | Amy Bysouth"",""url"":""https://www.amybysouth.com/""},{""position"":6,""title"":""Hair and Makeup Artist Melbourne | Glamour Studios"",""url"":""https://glamourstudios.com.au/""},{""position"":7,""title"":""Glow BeautyCo | Makeup Services | Natural Glam, Soft Glam, Full Glam"",""url"":""https://www.glowbeautyco.com.au/makeup""},{""position"":8,""title"":""\n      Professional Makeup Artist Moonee Ponds | Event Makeup Melbourne\n – Makeup & Beauty Lounge"",""url"":""https://makeupandbeautylounge.com.au/pages/makeup-artist-moonee-ponds""},{""position"":9,""title"":""Yasmin Lu Artistry | Melbourne [ Book now ]"",""url"":""https://yasminluartistry.setmore.com/""},{""position"":10,""title"":""The Glam Lab - Makeup, Brows, & Lashes"",""url"":""https://www.theglamlabindy.com/""}]"
"6","full glam makeup artist Melbourne","checked","checked","10","","[]","[{""position"":1,""title"":""Home | The glam by Alexis"",""url"":""https://www.theglambyalexis.com/""},{""position"":2,""title"":""HOME | Makeup by Lyna | Melbourne Bridal Makeup Artist & Hairstylist"",""url"":""https://www.makeupbylyna.com.au/""},{""position"":3,""title"":""Yasmin Lu Artistry | Melbourne [ Book now ]"",""url"":""https://yasminluartistry.setmore.com/""},{""position"":4,""title"":""Melbourne Makeup Artist | Makeup By Stephanie Jane"",""url"":""https://www.stephaniejane.com.au/""},{""position"":5,""title"":""Hi everyone, my name is Natalie Gia 🤍 I'm a professional ..."",""url"":""https://www.facebook.com/groups/melbourneweddingsandbrides/posts/4400025106810520""},{""position"":6,""title"":""About Amy | Melbourne Hair & Makeup Artist — Amy Bysouth"",""url"":""https://www.amybysouth.com/about""},{""position"":7,""title"":""Ashleigh Evans (@ashleighevans_mua)"",""url"":""https://www.instagram.com/ashleighevans_mua?hl=en""},{""position"":8,""title"":""MELBOURNE MAKEUP ARTIST - ALYSSA CHAN"",""url"":""https://www.instagram.com/p/DZMhTsMki_2""},{""position"":9,""title"":""Vanessa Bate MUA "",""url"":""https://www.vanessabatemua.com/""},{""position"":10,""title"":""Alana MUHA | Melbourne Makeup & Hair Artist"",""url"":""https://www.alanamuha.com/""}]"
"6","full glam Melbourne CBD","checked","checked","9","","[]","[{""position"":1,""title"":""PUREGLAM Beauty | Korean Facial skincare Melbourne CBD with advanced facial treatments using Notaly Korea. Target acne, ageing & dull skin. EMS sculpting & lash extensions."",""url"":""https://www.pureglambeauty.com.au/""},{""position"":2,""title"":""Tradition Meets Innovation at the Filipino Gem Askal, in the Heart of Melbourne’s CBD – Daily Addict"",""url"":""https://www.dailyaddict.com.au/tradition-meets-innovation-at-the-filipino-gem-askal-in-the-heart-of-the-cbd""},{""position"":3,""title"":""Your CBD neighbourhood | City of Melbourne"",""url"":""https://www.melbourne.vic.gov.au/cbd""},{""position"":4,""title"":""Seeking HMUA in Melbourne, Victoria CBD for expo on ..."",""url"":""https://www.facebook.com/groups/564706080382789/posts/3146548758865162""},{""position"":5,""title"":""Melbourne coworking brand to launch Adelaide CBD hub with space for teams up to 50 and 24/7 access - Glam Adelaide"",""url"":""https://glamadelaide.com.au/melbourne-coworking-brand-to-launch-adelaide-cbd-hub-with-space-for-teams-up-to-50-and-24-7-access""},{""position"":6,""title"":""The Ultimate Guide to the Melbourne CBD - Jas Stephens"",""url"":""https://www.jasstephens.com.au/the-ultimate-guide-to-the-melbourne-cbd""},{""position"":7,""title"":""Inside Glam New The Royce Melbourne - YouTube"",""url"":""https://www.youtube.com/watch?v=Oyobnp4wSVY""},{""position"":8,""title"":""CBD Centric"",""url"":""https://www.visitvictoria.com/~/media/PDFs/International/Melbourne-CBD-shopping_NZ_visitmelbourne_2014.pdf""},{""position"":9,""title"":""About Us | Browz & Lash Glam"",""url"":""http://browzlashglam.com.au/about-us""}]"
"6","full glam Southbank","checked","checked","9","","[]","[{""position"":1,""title"":""Southbank | Dazed"",""url"":""https://staging.dazeddigital.com/southbank""},{""position"":2,""title"":""Southbank | Dazed"",""url"":""https://origin.dazeddigital.com/southbank""},{""position"":3,""title"":""Yasmin Lu Artistry | Melbourne [ Book now ]"",""url"":""https://yasminluartistry.setmore.com/""},{""position"":4,""title"":""Southbank | Dazed"",""url"":""https://origin.dazeddigital.com/tag/southbank""},{""position"":5,""title"":""Full glam - jbs_dazzle47"",""url"":""https://jbs-dazzle47.com/full-glam""},{""position"":6,""title"":""South Bank - Wikipedia"",""url"":""https://en.wikipedia.org/wiki/South_Bank""},{""position"":7,""title"":""Review: BRIEFS: BITE CLUB, Southbank Centre | West End Best Friend"",""url"":""https://www.westendbestfriend.co.uk/news/review-briefs-bite-club-southbank-centre""},{""position"":8,""title"":""The Rise and Fall of Ziggy Stardust | South Bank London"",""url"":""https://southbank.london/whats-on/the-rise-and-fall-of-ziggy-stardust""},{""position"":9,""title"":""Suede: Off Mic | Southbank Centre"",""url"":""https://www.southbankcentre.co.uk/whats-on/suede-off-mic""}]"
"6","glam makeup artist Melbourne","checked","checked","10","","[]","[{""position"":1,""title"":""Margaux Chaperon"",""url"":""https://linkedin.com/in/margaux-chaperon-191933141""},{""position"":2,""title"":""Home | The glam by Alexis"",""url"":""https://www.theglambyalexis.com/""},{""position"":3,""title"":""Mobile Hair and Makeup Artist Melbourne – Katryna Cooke | Makeup Melbourne "",""url"":""https://katrynacooke.com/""},{""position"":4,""title"":""Alondra Gatae"",""url"":""https://alondragatae.com/""},{""position"":5,""title"":""Faiz Unnisa"",""url"":""https://linkedin.com/in/faiz-unnisa-271050a""},{""position"":6,""title"":""Hi everyone, my name is Natalie Gia 🤍 I'm a professional ..."",""url"":""https://www.facebook.com/groups/melbourneweddingsandbrides/posts/4400025106810520""},{""position"":7,""title"":""Hair & Makeup Artists in Melbourne | Glamagency"",""url"":""https://www.glamagency.com.au/artists""},{""position"":8,""title"":""Yasmin Lu Artistry | Melbourne [ Book now ]"",""url"":""https://yasminluartistry.setmore.com/""},{""position"":9,""title"":""Suzanne Slovacek"",""url"":""https://linkedin.com/in/suzanne-slovacek-07145035b""},{""position"":10,""title"":""Andi Coventon"",""url"":""https://linkedin.com/in/andi-coventon-4b110934""}]"
"7","party makeup Melbourne","checked","checked","10","","[]","[{""position"":1,""title"":""Party Maker Australia (@partymakerau) · Melbourne, VIC"",""url"":""https://www.instagram.com/partymakerau""},{""position"":2,""title"":""SC Makeup Artistry | Makeup Artist Melbourne"",""url"":""https://www.scmakeupartistry.info/""},{""position"":3,""title"":""Party Maker | Melbourne VIC"",""url"":""https://www.facebook.com/partymakeraus""},{""position"":4,""title"":""Wholesale Birthday Party Supplies | Buy Bulk Party Supplies Online in Melbourne"",""url"":""https://www.partymaker.com.au/""},{""position"":5,""title"":""Professional Makeup for Special Occasion Melbourne |Best Party Makeup Artist Craigieburn"",""url"":""https://mybeautystop.com.au/makeup""},{""position"":6,""title"":""Makeup | Melbourne Hair Society"",""url"":""https://www.melbournehairsociety.com.au/makeup""},{""position"":7,""title"":""Leona Party and Home | Melbourne VIC"",""url"":""https://www.facebook.com/leonapartynhome/mentions""},{""position"":8,""title"":""The 10 Best Makeup Artists in Melbourne, VIC, Australia (2023) - Peerspace"",""url"":""https://www.peerspace.com/au/resources/makeup-artists-melbourne""},{""position"":9,""title"":""Best Bridal makeup artist in Melbourne, Best Indian wedding makeup Artist, Top makeup academy course"",""url"":""https://ritusmakeovers.com.au/""},{""position"":10,""title"":""Makeup"",""url"":""https://www.styleseat.com/m/search/melbourne-fl/makeup""}]"
"7","party makeup artist Melbourne","checked","checked","0","","[]","[]"
"7","birthday makeup Melbourne","checked","checked","10","","[]","[{""position"":1,""title"":""Make Up Melbourne | Makeup for Function, Events and Parties - Melbourne Henna"",""url"":""http://www.melbournehenna.com.au/services/dressing-up/makeup.html""},{""position"":2,""title"":""Magical Makeovers - Melbourne Bridal Makeup & Hairstyling"",""url"":""https://magicalmakeovers.com.au/""},{""position"":3,""title"":""Our Makeup Looks - Facebar Melbourne"",""url"":""https://facebarmelbourne.com.au/our-makeup-looks/""},{""position"":4,""title"":""Birthday Photoshoot – 7AM Photography"",""url"":""https://7amphoto.pro/birthday-photoshoot""},{""position"":5,""title"":""Makeup | Melbourne Hair Society"",""url"":""https://www.melbournehairsociety.com.au/makeup""},{""position"":6,""title"":""Bridal & Occasion Makeup Melbourne | Curl Up & Dye | Curl Up & Dye"",""url"":""https://www.curlupndye.com.au/services/makeup""},{""position"":7,""title"":""MELBOURNE MAKEUP ARTIST | TIJANA MAI✨ Always a full ..."",""url"":""https://www.instagram.com/reel/DRbrLBKE6R4""},{""position"":8,""title"":""ELLA SQUIRE 🤍 12/10 for this beautiful birthday girl ..."",""url"":""https://www.instagram.com/p/DHcvgpIRgjS""},{""position"":9,""title"":""About — Zoe Karlis - Melbourne Bridal Makeup"",""url"":""https://www.zoekarlisbridal.com/about""},{""position"":10,""title"":""SC Makeup Artistry | Makeup Artist Melbourne"",""url"":""https://www.scmakeupartistry.info/""}]"
"7","party makeup Melbourne CBD","checked","checked","10","","[]","[{""position"":1,""title"":""Makeup Artists & Hair Stylists<!-- --> for <!-- -->Parties<!-- --> from $60. Free Lashes ❤️"",""url"":""https://flayr.com.au/makeup-and-hair/party""},{""position"":2,""title"":""Find 13 Best-Rated Makeup Artists in Melbourne City CBD | Airtasker AU"",""url"":""https://www.airtasker.com/au/services/makeup-artist/melbourne-city-cbd-vic/""},{""position"":3,""title"":""Find 29 Best-Rated Makeup Artists in Melbourne | Airtasker AU"",""url"":""https://www.airtasker.com/au/services/makeup-artist/melbourne/""},{""position"":4,""title"":""Best Mobile Makeup Services in Melbourne Cbd, VIC | Blys"",""url"":""https://getblys.com.au/locations/makeup-melbourne-cbd-vic/""},{""position"":5,""title"":""Glam Artistry Melbourne - Business Services - Directory Services"",""url"":""https://www.bizspot.com.au/glam-artistry-melbourne""},{""position"":6,""title"":""Melbourne CBD Professional Makeup Studio - Kryolan"",""url"":""https://www.kryolan.com.au/kryolan-makeup-studio-melbourne""},{""position"":7,""title"":""The Best 10 Makeup Artists near Mecca Maxima - Melbourne Central in Melbourne Victoria - Yelp"",""url"":""https://www.yelp.com/search?cflt=makeupartists&find_near=mecca-maxima-melbourne-central-melbourne-2""},{""position"":8,""title"":""ASHLEEDAYMUA x BEAUTYNEXT MAKEUP PARTY TOUR - MELBOURNE Tickets, Melbourne CBD TBC | TryBooking Australia"",""url"":""https://www.trybooking.com/events/landing/1532607""},{""position"":9,""title"":""Mobile Professional Hair & Makeup Artist in South Melbourne, CBD"",""url"":""https://www.bellezzaseduction.com.au/""},{""position"":10,""title"":""Mobile Hair and Makeup Artist Melbourne – Katryna Cooke | Makeup Melbourne"",""url"":""https://katrynacooke.com/""}]"
"7","party makeup Southbank","checked","checked","10","","[]","[{""position"":1,""title"":""Bridal Hair and Makeup Packages in Jacksonville | SalonOnTheSouthBank"",""url"":""https://www.salononthesouthbank.com/""},{""position"":2,""title"":""Top Summer Party Ideas in South Bank | Get… | South Bank London"",""url"":""https://southbank.london/guides/top-summer-party-ideas-in-south-bank""},{""position"":3,""title"":""The 16 Best Party Venues for Hire in South Bank, London | Tagvenue UK"",""url"":""https://www.tagvenue.com/hire/party-venues/london/south-bank""},{""position"":4,""title"":""Sephora UK's Guide to Party Makeup Looks for Festive Glam | SEPHORA UK"",""url"":""https://www.sephora.co.uk/c/inspiration-party-makeup-looks""},{""position"":5,""title"":""Makeup Artist Southbank Brisbane - Mugeek Vidalondon"",""url"":""https://mugeek.vidalondon.net/makeup-artist-southbank-brisbane""},{""position"":6,""title"":""Party Makeup | SpaceNK"",""url"":""https://www.spacenk.com/uk/makeup/party-makeup""},{""position"":7,""title"":""Party Makeup Looks For Every Occasion | Charlotte Tilbury"",""url"":""https://www.charlottetilbury.com/us/content/party-makeup-looks""},{""position"":8,""title"":""6 Party Makeup Looks That Are Absolutely Worth Copying | Who"",""url"":""https://www.whowhatwear.com/party-makeup-looks""},{""position"":9,""title"":""southbank Archives - Glitterfest"",""url"":""https://glitterfest.co.uk/tag/southbank""},{""position"":10,""title"":""PARTY MAKEUP 💄 , 👗@malboosofficial , ., ., ., #reels #reelsinstagram #reelsofinstagram #instagood #instagram #makeup #partymakeup #bride #dulhan #winter #shaadiseason #hanifjewellers #mua"",""url"":""https://www.instagram.com/reel/Co9ekFWPbR6""}]"
"7","formal makeup Melbourne","checked","checked","10","","[]","[{""position"":1,""title"":""Makeup | Melbourne Hair Society"",""url"":""https://www.melbournehairsociety.com.au/makeup""},{""position"":2,""title"":""Facebar Melbourne | Professional Makeup Studio in Moonee Ponds"",""url"":""https://facebarmelbourne.com.au/""},{""position"":3,""title"":""Our Makeup Looks - Facebar Melbourne"",""url"":""https://facebarmelbourne.com.au/our-makeup-looks/""},{""position"":4,""title"":""Bridal & Occasion Makeup Melbourne | Curl Up & Dye | Curl Up & Dye"",""url"":""https://www.curlupndye.com.au/services/makeup""},{""position"":5,""title"":""Formal Wear Of Melbourne"",""url"":""https://www.formalwearofmelbourne.com.au/""},{""position"":6,""title"":""Make Up Melbourne | Makeup for Function, Events and Parties - Melbourne Henna"",""url"":""http://www.melbournehenna.com.au/services/dressing-up/makeup.html""},{""position"":7,""title"":""Makeup Artist Melbourne - Studio & Mobile Services | Nie Makeup Artist"",""url"":""https://www.niemakeup.com/services""},{""position"":8,""title"":""In2yourbeauty Makeup Artistry in Melbourne, FL – Reviews, Hours, and Contact Details"",""url"":""https://local.yahoo.com/info-205962097-in2yourbeauty-makeup-artistry-melbourne""},{""position"":9,""title"":""By Natasha | Makeup Artist Melbourne | Essendon & Moonee Ponds"",""url"":""https://www.bynatasha.com.au/""},{""position"":10,""title"":""\n      MAKE UP SERVICES\n – DCE Cosmetics"",""url"":""https://dcecosmetics.com.au/pages/make-up-services""}]"
"7","school formal makeup Melbourne","checked","checked","10","","[]","[{""position"":1,""title"":""Primary and secondary schools | City of Melbourne"",""url"":""https://www.melbourne.vic.gov.au/primary-and-secondary-schools""},{""position"":2,""title"":""Schools in Melbourne | Education guide | The Daily Melbourne"",""url"":""https://www.dailymelbourne.com.au/schools""},{""position"":3,""title"":""Melbourne Schools - Find The Right School For Your Child"",""url"":""https://melbourneschools.com.au/""},{""position"":4,""title"":""Formal School Dresses Melbourne Tina Holly https://tinaholly.com.au › product-category › school-fo..."",""url"":""https://tinaholly.com.au/product-category/school-formal""},{""position"":5,""title"":""Formal Dresses Melbourne | Prom & School Formal Gowns One Honey Boutique https://www.onehoneyboutique.com › collections › pro..."",""url"":""https://www.onehoneyboutique.com/collections/prom-school-formal-dresses-evening-gowns-online-in-melbourne-australia""},{""position"":6,""title"":""School Formal Dresses Melbourne – Elegant & Affordable Formal Dresses | Red Carpet Boutique\n"",""url"":""https://redcarpetboutique.com.au/collections/school-formal""},{""position"":7,""title"":""Makeup Artistry Courses in Melbourne | The Masters\n–\n        The Masters Institute of Creative Education"",""url"":""https://tmice.edu.au/collections/makeup""},{""position"":8,""title"":""School Formals - Event Venue Melbourne"",""url"":""https://srbevents.melbourne/social/school-formals""},{""position"":9,""title"":""Website"",""url"":""http://www.hairandmakeupmelb.com.au/""},{""position"":10,""title"":""The Ultimate Guide to Organising a School Formal or Graduation | Melbourne Event Group"",""url"":""https://melbourneeventgroup.com.au/inspiration/the-ultimate-guide-to-organising-a-school-formal-or-graduation""}]"
"7","graduation makeup Melbourne","checked","checked","10","","[]","[{""position"":1,""title"":""Photos and merchandise | Current students | The University of Melbourne"",""url"":""https://students.unimelb.edu.au/course-admin/graduation/photos-and-merchandise""},{""position"":2,""title"":""\n                    University of Melbourne            "",""url"":""https://unimelb.reedgraduations.com.au/pages/display/faqs-cms""},{""position"":3,""title"":""Specialist Makeup Room at Melbourne Polytechnic"",""url"":""https://www.melbournepolytechnic.edu.au/students/key-facilities/specialist-training-facilities/specialist-makeup-room""},{""position"":4,""title"":""Top-rated Mobile Graduation Hair & Makeup Services | Blys"",""url"":""https://getblys.com.au/services/graduation-hair-and-makeup""},{""position"":5,""title"":""MELBOURNE MAKEUP ARTIST • CARISSA on Instagram ..."",""url"":""https://www.instagram.com/reel/DSZReWagQhl""},{""position"":6,""title"":""Natural makeup for graduation?"",""url"":""https://www.facebook.com/groups/1792667674255926/posts/2868770123312337""},{""position"":7,""title"":""Graduation Academic Dress | GFP Events, Melbourne"",""url"":""https://www.gfpevents.com.au/academic-dress""},{""position"":8,""title"":""Our Makeup Looks - Facebar Melbourne"",""url"":""https://facebarmelbourne.com.au/our-makeup-looks/""},{""position"":9,""title"":""Makeup"",""url"":""https://www.styleseat.com/m/search/melbourne-fl/makeup""},{""position"":10,""title"":""Graduation Booking - University of Melbourne - Reed Events"",""url"":""https://unimelb.reedgraduations.com.au/graduating/rego-regalia""}]"
"7","event makeup Melbourne","checked","checked","10","","[]","[{""position"":1,""title"":""Makeup | Melbourne Hair Society"",""url"":""https://www.melbournehairsociety.com.au/makeup""},{""position"":2,""title"":""Bombshell Beauty Academy to Host Australia’s First Makeup Conference in 2023 - Professional Beauty"",""url"":""https://www.professionalbeauty.com.au/uncategorized/bombshell-beauty-academy-makeup-conference-2023/""},{""position"":3,""title"":""Hair & Makeup Melbourne | Mobile Hair and Makeup Artistry"",""url"":""http://hairandmakeupmelb.com.au/""},{""position"":4,""title"":""Discover Makeup Classes Events & Activities in Melbourne ..."",""url"":""https://www.eventbrite.com.au/d/australia--melbourne/makeup-classes""},{""position"":5,""title"":""Event | Makeup by Archie"",""url"":""https://www.makeupbyarchie.com/event""},{""position"":6,""title"":""\n    Fashion Events in Melbourne, Australia - Clothing Fairs & Exhibitions | Eventbrite\n"",""url"":""https://www.eventbrite.com/b/australia--melbourne/fashion""},{""position"":7,""title"":""Bridal Makeup Artist Melbourne | Soft Glam & Event Makeup | Makeup by Anastasia"",""url"":""https://www.makeupbyanastasia.com.au/""},{""position"":8,""title"":""Make-up - Booksy"",""url"":""https://booksy.com/en-au/s/make-up""},{""position"":9,""title"":""Wedding Gallery — Melbourne Fashion & Bridal Makeup & Hair | May VL"",""url"":""https://www.mayvlmakeup.com/weddinggallery""},{""position"":10,""title"":""Make-up Services Near Me In Melbourne Florida Imperial Salon & Spa https://www.imperialsalonandspa.com › services › make-..."",""url"":""https://www.imperialsalonandspa.com/services/make-up.html""}]"
"7","gala makeup Melbourne","checked","checked","10","","[]","[{""position"":1,""title"":""Magical Makeovers - Melbourne Bridal Makeup & Hairstyling"",""url"":""https://magicalmakeovers.com.au/""},{""position"":2,""title"":""Event | Makeup by Archie"",""url"":""https://www.makeupbyarchie.com/event""},{""position"":3,""title"":""Wedding Gallery — Melbourne Fashion & Bridal Makeup & Hair | May VL"",""url"":""https://www.mayvlmakeup.com/weddinggallery""},{""position"":4,""title"":""GlamAgency | Bridal Hair & Makeup Artists in Australia"",""url"":""https://onefinedayweddingexpo.com.au/listing/beauty-services/luxury-bridal-hair-makeup-artists-in-melbourne-sydney-brisbane""},{""position"":5,""title"":""Hair and Makeup Artist Melbourne | Glamour Studios"",""url"":""https://glamourstudios.com.au/""},{""position"":6,""title"":""Glamagency | Melbourne Hair & Makeup Agency"",""url"":""https://www.glamagency.com.au/""},{""position"":7,""title"":""Bombshell Beauty Academy to Host Australia’s First Makeup Conference in 2023 - Professional Beauty"",""url"":""https://www.professionalbeauty.com.au/uncategorized/bombshell-beauty-academy-makeup-conference-2023/""},{""position"":8,""title"":""Our Makeup Looks - Facebar Melbourne"",""url"":""https://facebarmelbourne.com.au/our-makeup-looks/""},{""position"":9,""title"":""Gala Dinner Make Up Pinterest 13 hours ago"",""url"":""https://www.pinterest.com/ideas/gala-dinner-make-up/953538562818""},{""position"":10,""title"":""Jess G Artistry"",""url"":""https://jessgartistry.com.au/""}]"
"8","editorial makeup Melbourne","checked","checked","10","","[]","[{""position"":1,""title"":""About — Melbourne Fashion & Bridal Makeup & Hair | May VL"",""url"":""https://www.mayvlmakeup.com/about""},{""position"":2,""title"":""Makeup - Beauty On Melbourne"",""url"":""https://beautyonmelbourne.com.au/services/makeup""},{""position"":3,""title"":""Melbourne Fashion & Bridal Makeup & Hair | May VL"",""url"":""https://www.mayvlmakeup.com/search""},{""position"":4,""title"":""Editorial | Makeup by Archie"",""url"":""https://www.makeupbyarchie.com/editorial""},{""position"":5,""title"":"" Hair & Makeup Editorial Gallery "",""url"":""https://sheandme.com.au/editorial""},{""position"":6,""title"":""Editorial — Dana Leviston"",""url"":""http://www.dana-leviston.com/folio""},{""position"":7,""title"":""Hair & Makeup by Aida — About"",""url"":""https://www.aidamua.com/about""},{""position"":8,""title"":""Editorial — Anna Campbell Bridal Journal — Anna Campbell"",""url"":""https://www.annacampbell.com.au/ourbrides/tag/Editorial""},{""position"":9,""title"":""About — Zoe Karlis - Melbourne Bridal Makeup"",""url"":""https://www.zoekarlisbridal.com/about""},{""position"":10,""title"":""Editorial Gallery Melbourne Makeup Artist & Stylist - Kristy Bassett, "",""url"":""https://www.kristybassett.com/gallery.html""}]"
"8","editorial makeup artist Melbourne","checked","checked","10","","[]","[{""position"":1,""title"":""Tanisha Dhillon"",""url"":""https://linkedin.com/in/tanisha-dhillon-861537286""},{""position"":2,""title"":""Julia Green"",""url"":""https://juliagreen.com.au/""},{""position"":3,""title"":""Alana MUHA | Melbourne Makeup & Hair Artist"",""url"":""https://www.alanamuha.com/""},{""position"":4,""title"":""Editorial Gallery Melbourne Makeup Artist & Stylist - Kristy Bassett, "",""url"":""https://www.kristybassett.com/gallery.html""},{""position"":5,""title"":""Professional Makeup Artist Melbourne - Best Makeup Artist In Melbourne — KRISTINA CANZONERI"",""url"":""http://www.kristinacanzoneri.com.au/about""},{""position"":6,""title"":""Suzanne Slovacek"",""url"":""https://linkedin.com/in/suzanne-slovacek-07145035b""},{""position"":7,""title"":""Margaux Chaperon"",""url"":""https://linkedin.com/in/margaux-chaperon-191933141""},{""position"":8,""title"":""Alison Azzopardi"",""url"":""https://linkedin.com/in/alison-azzopardi-811a0772""},{""position"":9,""title"":""Elizabeth Surtees Creative Makeup Artist Melbourne"",""url"":""https://www.elizabeth-surtees.com/""},{""position"":10,""title"":""Renee Zanelli"",""url"":""https://linkedin.com/in/reneezanelli""}]"
"8","fashion makeup artist Melbourne","checked","checked","10","","[]","[{""position"":1,""title"":""Alison Azzopardi"",""url"":""https://linkedin.com/in/alison-azzopardi-811a0772""},{""position"":2,""title"":""Dylan Senthilan"",""url"":""http://dylansenthilan.com/""},{""position"":3,""title"":""Elizabeth Surtees Creative Makeup Artist Melbourne"",""url"":""https://www.elizabeth-surtees.com/""},{""position"":4,""title"":""By Natasha | Makeup Artist Melbourne | Essendon & Moonee Ponds"",""url"":""https://www.bynatasha.com.au/""},{""position"":5,""title"":""Seven local makeup artists to follow for Halloween inspiration"",""url"":""https://fashionjournal.com.au/beauty/halloween-makeup-inspiration""},{""position"":6,""title"":""Yasmin Lu Artistry | Melbourne [ Book now ]"",""url"":""https://yasminluartistry.setmore.com/""},{""position"":7,""title"":""Fashion Journal https://fashionjournal.com.au Call Time: Meet four of the brightest makeup minds in Melbourne"",""url"":""https://fashionjournal.com.au/beauty/runway-makeup-melbourne""},{""position"":8,""title"":""Suzanne Slovacek"",""url"":""https://linkedin.com/in/suzanne-slovacek-07145035b""},{""position"":9,""title"":""Mary Peda – Melbourne Makeup Artist | Home"",""url"":""https://www.marypeda.com.au/""},{""position"":10,""title"":""Kahlii Morrison"",""url"":""https://linkedin.com/in/kahlii-morrison-548710219""}]"
"8","photoshoot makeup Melbourne","checked","checked","10","","[]","[{""position"":1,""title"":""Portfolio Photoshoots — DMV Makeup Artistry"",""url"":""https://www.danavaughan.com.au/portfolio-photoshoots""},{""position"":2,""title"":""Hair & Makeup Melbourne  | Amy Bysouth"",""url"":""https://www.amybysouth.com/""},{""position"":3,""title"":""Clara Campbell Makeup Artistry Melbourne"",""url"":""https://www.claracampbell.com.au/""},{""position"":4,""title"":""Photoshoot | Melbourne Makeup Artist"",""url"":""https://www.kristybassett.com/blog/tag/photoshoot.html""},{""position"":5,""title"":""Blush Creative (@blushphotography)"",""url"":""https://www.facebook.com/blushphotography""},{""position"":6,""title"":""Our Makeup Looks - Facebar Melbourne"",""url"":""https://facebarmelbourne.com.au/our-makeup-looks""},{""position"":7,""title"":""Wedding Gallery — Melbourne Fashion & Bridal Makeup & Hair | May VL"",""url"":""https://www.mayvlmakeup.com/weddinggallery""},{""position"":8,""title"":""Home | Ashleigh Fenton Melbourne"",""url"":""https://www.ashleighfenton.com/""},{""position"":9,""title"":""Models Portfolios, Professional Fashion, Beauty and Glamour ..."",""url"":""https://www.modelportfoliomelbourne.com/""},{""position"":10,""title"":""Shine Shine Studio"",""url"":""https://shineshinestudio.com/""}]"
"8","photoshoot makeup artist Melbourne","checked","checked","10","","[]","[{""position"":1,""title"":""Vanessa Barney"",""url"":""https://linkedin.com/in/vanessa-barneymua""},{""position"":2,""title"":""Vanessa Bate MUA "",""url"":""https://www.vanessabatemua.com/""},{""position"":3,""title"":""Alana MUHA | Melbourne Makeup & Hair Artist"",""url"":""https://www.alanamuha.com/""},{""position"":4,""title"":""karen burton. makeup artist & hair. - Melbourne"",""url"":""http://www.karenburton.com.au/about""},{""position"":5,""title"":""Hair & Makeup Melbourne  | Amy Bysouth"",""url"":""https://www.amybysouth.com/""},{""position"":6,""title"":""Suzanne Slovacek"",""url"":""https://linkedin.com/in/suzanne-slovacek-07145035b""},{""position"":7,""title"":""Alison Azzopardi"",""url"":""https://linkedin.com/in/alison-azzopardi-811a0772""},{""position"":8,""title"":""Margaux Chaperon"",""url"":""https://linkedin.com/in/margaux-chaperon-191933141""},{""position"":9,""title"":""Rachel Morrison Makeup | Melbourne Makeup Artist & Hair Stylist"",""url"":""https://rmorrisonmakeup.com/""},{""position"":10,""title"":""Home | Ashleigh Fenton Melbourne"",""url"":""https://www.ashleighfenton.com/""}]"
"8","creative makeup artist Melbourne","checked","checked","10","","[]","[{""position"":1,""title"":""Margaux Chaperon"",""url"":""https://linkedin.com/in/margaux-chaperon-191933141""},{""position"":2,""title"":""Alana MUHA | Melbourne Makeup & Hair Artist"",""url"":""https://www.alanamuha.com/""},{""position"":3,""title"":""Elizabeth Surtees Creative Makeup Artist Melbourne"",""url"":""https://www.elizabeth-surtees.com/""},{""position"":4,""title"":""Vanessa Bate MUA "",""url"":""https://www.vanessabatemua.com/""},{""position"":5,""title"":""Yasmin Lu Artistry | Melbourne [ Book now ]"",""url"":""https://yasminluartistry.setmore.com/""},{""position"":6,""title"":""Hi everyone, my name is Natalie Gia 🤍 I'm a professional ..."",""url"":""https://www.facebook.com/groups/melbourneweddingsandbrides/posts/4400025106810520""},{""position"":7,""title"":""By Natasha | Makeup Artist Melbourne | Essendon & Moonee Ponds"",""url"":""https://www.bynatasha.com.au/""},{""position"":8,""title"":""Alison Azzopardi"",""url"":""https://linkedin.com/in/alison-azzopardi-811a0772""},{""position"":9,""title"":""  BIO - MERTON MUAREMI MELBOURNE MAKEUP ARTIST & HAIR STYLIST"",""url"":""https://www.mertonmuaremi.com/bio.html""},{""position"":10,""title"":""Vivianne Murphy"",""url"":""https://linkedin.com/in/vivianne-murphy-0748aa123""}]"
"8","TFP makeup artist Melbourne","checked","checked","10","","[]","[{""position"":1,""title"":""TFP - Studio Payne"",""url"":""https://studio-payne.com/work/tfp""},{""position"":2,""title"":""Vanessa Bate MUA "",""url"":""https://www.vanessabatemua.com/""},{""position"":3,""title"":""karen burton. makeup artist & hair. - Melbourne"",""url"":""http://www.karenburton.com.au/about""},{""position"":4,""title"":""Megan Harrison Bridal | about.me"",""url"":""https://about.me/meganharrison""},{""position"":5,""title"":""Makeup Artist Helen | Bridal Hair and Makeup | Melbourne"",""url"":""https://www.makeupartisthelen.com/""},{""position"":6,""title"":""Laura Hollingsworth (@laurahollingsworth_mua)"",""url"":""https://www.instagram.com/laurahollingsworth_mua""},{""position"":7,""title"":""Makeup en Melbourne AustralianPlanet https://www.australianplanet.com › melbourne › makeup"",""url"":""https://www.australianplanet.com/melbourne/makeup""},{""position"":8,""title"":""Clara Campbell Makeup Artistry Melbourne"",""url"":""https://www.claracampbell.com.au/""},{""position"":9,""title"":""Yasmin Lu Artistry | Melbourne [ Book now ]"",""url"":""https://yasminluartistry.setmore.com/""},{""position"":10,""title"":""Makeup artist seeking tfp models in LA | Los Angeles, CA"",""url"":""https://www.facebook.com/groups/967290983469795/posts/3128025380729667""}]"
"8","TFP makeup collaboration Melbourne","checked","checked","10","","[]","[{""position"":1,""title"":""TFP Photography Collaboration for Models | J.Me Photo"",""url"":""https://jmephotollc.com/tfp""},{""position"":2,""title"":""TFP photoshoot collaboration wanted in Melbourne for ..."",""url"":""https://www.facebook.com/groups/556251614434274/posts/9537950799597599""},{""position"":3,""title"":""Smashbox Cosmetics Launches New Dual Filter Concealer + Foundation with Studio Pop-Up Event in Melbourne – The Queenslander"",""url"":""https://theqldr.com.au/economy-business-and-finance/2026/09/22/prnewswire-2/""},{""position"":4,""title"":""TFP studio shoot collaboration sought in Melbourne"",""url"":""https://www.facebook.com/groups/564706080382789/posts/2616215531898490""},{""position"":5,""title"":""Search\n– TPF Cosmetics"",""url"":""https://www.tpfcosmetics.com/search""},{""position"":6,""title"":""Our Makeup Looks - Facebar Melbourne"",""url"":""https://facebarmelbourne.com.au/our-makeup-looks/""},{""position"":7,""title"":""𝐒𝐡𝐚'𝐮𝐫𝐢 𝐋𝐢𝐯𝐨𝐫𝐢 (@shuiiio)"",""url"":""https://www.instagram.com/shuiiio?hl=en""},{""position"":8,""title"":""Facebar Melbourne | Professional Makeup Studio in Moonee Ponds"",""url"":""https://facebarmelbourne.com.au/""},{""position"":9,""title"":""TFP Collaboration: Making 'Time For Print' Work For Your Brand"",""url"":""https://theright.fit/blog/making-creative-collaboration-work-tfp-winwin-agreement""},{""position"":10,""title"":""Collaboration requests"",""url"":""http://www.theenchantedalice.com.au/collaboration-requests.html""}]"
"8","campaign makeup artist Melbourne","checked","checked","10","","[]","[{""position"":1,""title"":""Farnoosh Zehtab"",""url"":""https://linkedin.com/in/farnoosh-zehtab-36a154b5""},{""position"":2,""title"":""Alana MUHA | Melbourne Makeup & Hair Artist"",""url"":""https://www.alanamuha.com/""},{""position"":3,""title"":""Elizabeth Surtees Creative Makeup Artist Melbourne"",""url"":""https://www.elizabeth-surtees.com/""},{""position"":4,""title"":""karen burton. makeup artist & hair. - Melbourne"",""url"":""http://www.karenburton.com.au/about""},{""position"":5,""title"":""MAKEUP ARTIST (@raquelcordianomakeup)"",""url"":""https://www.instagram.com/raquelcordianomakeup?hl=en""},{""position"":6,""title"":""By Natasha | Makeup Artist Melbourne | Essendon & Moonee Ponds"",""url"":""https://www.bynatasha.com.au/""},{""position"":7,""title"":""Kahlii Morrison"",""url"":""https://linkedin.com/in/kahlii-morrison-548710219""},{""position"":8,""title"":""Nicole Groch Cruelty Free, Vegan Hair & Makeup Melbourne Cruelty Free Beauty Campaigns by Nicole Groch Page 1.— Nicole Groch  Hair & Makeup Nicole Groch Cruelty Free Hair & Makeup Artist"",""url"":""http://nicolegroch.com.au/bio""},{""position"":9,""title"":""Lucy Makeup Artistry"",""url"":""https://www.lucymakeupartistry.com/""},{""position"":10,""title"":""Ivena Anthonia"",""url"":""https://linkedin.com/in/ivena-anthonia-40a863a4""}]"
"8","beauty shoot makeup Melbourne","checked","checked","10","","[]","[{""position"":1,""title"":""Bodyography flirts with fashion and music - Professional Beauty"",""url"":""https://www.professionalbeauty.com.au/beauty/makeup/bodyography-flirts-with-fashion-and-music/""},{""position"":2,""title"":""Our Makeup Looks - Facebar Melbourne"",""url"":""https://facebarmelbourne.com.au/our-makeup-looks""},{""position"":3,""title"":""Hair & Makeup Melbourne  | Amy Bysouth"",""url"":""https://www.amybysouth.com/""},{""position"":4,""title"":""Sivy Beauty | Mobile Hair & Makeup Artists Melbourne"",""url"":""https://sivy.com.au/""},{""position"":5,""title"":""Hair and Makeup Artist Melbourne | Glamour Studios"",""url"":""https://glamourstudios.com.au/""},{""position"":6,""title"":""Mobile Hair and Makeup Artist Melbourne – Katryna Cooke | Makeup Melbourne "",""url"":""https://katrynacooke.com/""},{""position"":7,""title"":""Sketchd Studio - Melbourne Makeup & Cosmetic Tattooing"",""url"":""https://sketchdstudio.com.au/""},{""position"":8,""title"":""Shine Shine Studio"",""url"":""https://shineshinestudio.com/""},{""position"":9,""title"":""Makeup Artist Melbourne - Studio & Mobile Services | Nie Makeup Artist"",""url"":""https://www.niemakeup.com/services""},{""position"":10,""title"":""MAKEUP ARTIST MELBOURNE JUSTINE O (@justineomua)"",""url"":""https://www.instagram.com/justineomua?hl=en""}]"
"9","mobile makeup artist Melbourne","checked","checked","10","","[]","[{""position"":1,""title"":""Makeup Artist Melbourne | Mobile Hair & Makeup Artists | JPC"",""url"":""https://www.melbournemakeupartist.com/""},{""position"":2,""title"":""Mobile Hair and Makeup Artist Melbourne – Katryna Cooke | Makeup Melbourne "",""url"":""https://katrynacooke.com/""},{""position"":3,""title"":""Kate Ryan Artistry - Mobile Hair & Makeup Artist Melbourne"",""url"":""https://www.kateryanartistry.com/""},{""position"":4,""title"":""Makeup Artist Melbourne - Studio & Mobile Services | Nie Makeup Artist"",""url"":""https://www.niemakeup.com/services""},{""position"":5,""title"":""Book mobile hair & makeup - Mobile Hair & Makeup Artist"",""url"":""https://alyshamareemakeup.com.au/""},{""position"":6,""title"":""Karly Drever - Mobile Makeup Professional Melbourne"",""url"":""https://makeupprofessional.com.au/""},{""position"":7,""title"":""Kate Ryan (@kateryanmua)"",""url"":""https://www.instagram.com/kateryanmua?hl=en""},{""position"":8,""title"":""Alana MUHA | Melbourne Makeup & Hair Artist"",""url"":""https://www.alanamuha.com/""},{""position"":9,""title"":""Melbourne Cup Makeup Tips with Celebrity ..."",""url"":""https://us.homebodii.com/blogs/journal/from-prep-to-post-race-spring-glam-with-homebodii-mia-connor""},{""position"":10,""title"":""About Us | Alysha Maree Makeup - Mobile Hair & Makeup Australia | Alysha Maree Makeup"",""url"":""https://www.alyshamareemakeup.com.au/about""}]"
"9","mobile makeup Melbourne","checked","checked","10","","[]","[{""position"":1,""title"":""Hair & Makeup Melbourne | Mobile Hair and Makeup Artistry"",""url"":""http://hairandmakeupmelb.com.au/""},{""position"":2,""title"":""\n      mobile-makeovers-hair-and-makeup\n"",""url"":""https://www.mobilemakeovershairandmakeup.com.au/""},{""position"":3,""title"":""Price List - Premium Mobile Hair & Makeup in Melbourne"",""url"":""https://melbournemobilehair.com.au/price-list""},{""position"":4,""title"":""Melbourne Mobile Makeup - Ellie Davidson Beauty"",""url"":""https://www.elliedavidsonbeauty.com/mobile-makeup""},{""position"":5,""title"":""Mobile Hair & Makeup Services in Melbourne - Privé Hair & Makeup"",""url"":""https://privehairaustralia.com.au/mobile-hair-and-makeup-melbourne""},{""position"":6,""title"":""Makeup Artist Melbourne | Mobile Hair & Makeup Artists | JPC"",""url"":""https://www.melbournemakeupartist.com/""},{""position"":7,""title"":""Makeup Artist Melbourne - Studio & Mobile Services | Nie Makeup Artist"",""url"":""https://www.niemakeup.com/services""},{""position"":8,""title"":""Privé Hair & Makeup: Australia's Premium Mobile Hair & Makeup ..."",""url"":""https://privehairaustralia.com.au/""},{""position"":9,""title"":""Karly Drever - Mobile Makeup Professional Melbourne"",""url"":""https://www.makeupprofessional.com.au/""},{""position"":10,""title"":""About Us | Alysha Maree Makeup - Mobile Hair & Makeup Australia | Alysha Maree Makeup"",""url"":""https://www.alyshamareemakeup.com.au/about""}]"
"9","mobile bridal makeup Melbourne","checked after retry","failed","10","","[]","[{""position"":1,""title"":""Wedding Hair and Makeup Artist, Melbourne Based Mobile Service"",""url"":""http://www.alisonlarwood.com/""},{""position"":2,""title"":""Mobile Bridal Hair and Makeup Melbourne | Vivian Artistry"",""url"":""https://vivianartistry.au/""},{""position"":3,""title"":""Makeup Artist Melbourne | Mobile Hair & Makeup Artists | JPC"",""url"":""https://www.melbournemakeupartist.com/""},{""position"":4,""title"":""Mobile Makeup Artist And Hairstylist Melbourne | Bridal Makeup Artist | Peggy Stasinos"",""url"":""https://pstasinosmakeup.com.au/""},{""position"":5,""title"":""Melbourne Bridal Makeup and Hair Styling - Kristy Bassett"",""url"":""https://www.kristybassett.com/bridal.html""},{""position"":6,""title"":""Once Upon a Bride – MELBOURNE HAIR & MAKEUP ARTIST"",""url"":""https://onceuponabride.com.au/""},{""position"":7,""title"":""Airyymakeup — Bridal Makeup Artist Melbourne"",""url"":""https://airyymakeup.com/""},{""position"":8,""title"":""Bridal Makeup Artist Melbourne | Soft Glam & Event Makeup | Makeup by Anastasia"",""url"":""https://www.makeupbyanastasia.com.au/""},{""position"":9,""title"":""Magical Makeovers - Melbourne Bridal Makeup & Hairstyling"",""url"":""https://magicalmakeovers.com.au/""},{""position"":10,""title"":""Melbourne Bridal Makeup Artist - Ellie Davidson Beauty"",""url"":""https://www.elliedavidsonbeauty.com/bridal""}]"
"9","mobile makeup Melbourne CBD","checked","checked","10","","[]","[{""position"":1,""title"":""Melbourne CBD Mobile Beauty Near Me | Melbourne"",""url"":""https://melbourne-cbd-mobile-beauty.bizmapdir.com/""},{""position"":2,""title"":""Hair & Makeup Melbourne | Mobile Hair and Makeup Artistry"",""url"":""http://hairandmakeupmelb.com.au/""},{""position"":3,""title"":""Home • Mobile Beauty Co."",""url"":""https://mobilebeautyco.com.au/""},{""position"":4,""title"":""Mobile Hair & Makeup Services in Melbourne - Privé Hair & Makeup"",""url"":""https://privehairaustralia.com.au/mobile-hair-and-makeup-melbourne""},{""position"":5,""title"":""Mobile Makeup Artist And Hairstylist Melbourne | Bridal Makeup Artist | Peggy Stasinos"",""url"":""https://pstasinosmakeup.com.au/""},{""position"":6,""title"":""Makeup Artist Melbourne - Studio & Mobile Services | Nie Makeup Artist"",""url"":""https://www.niemakeup.com/services""},{""position"":7,""title"":""Privé Hair & Makeup: Australia's Premium Mobile Hair & Makeup ..."",""url"":""https://privehairaustralia.com.au/""},{""position"":8,""title"":""Makeup Artist Melbourne | Mobile Hair & Makeup Artists | JPC"",""url"":""https://www.melbournemakeupartist.com/""},{""position"":9,""title"":""Hair & Makeup Services - Privé Hair & Makeup"",""url"":""https://privehairaustralia.com.au/hair-and-makeup""},{""position"":10,""title"":""Facebar Melbourne | Professional Makeup Studio in Moonee Ponds"",""url"":""https://facebarmelbourne.com.au/""}]"
"9","mobile makeup Southbank","checked","checked","10","","[]","[{""position"":1,""title"":""Top-Rated Home and Mobile Hair & Makeup Services in Southbank, VIC | Blys"",""url"":""https://getblys.com.au/locations/hair-and-makeup-southbank-vic/""},{""position"":2,""title"":""Mobile Hair and Makeup Artists in Southbank Brisbane - Anywhere Hair & Make-Up"",""url"":""https://www.anywherehairandmakeup.com.au/mobile-hair-and-makeup-southbank-brisbane/""},{""position"":3,""title"":""10 Best Local Makeup Artists in Southbank | Airtasker AU"",""url"":""https://www.airtasker.com/au/services/makeup-artist/southbank-vic/""},{""position"":4,""title"":""The 10 Best Makeup Artists in Southbank, VIC - Oneflare"",""url"":""https://www.oneflare.com.au/makeup-artists/vic/southbank""},{""position"":5,""title"":""Best salons for makeup services and makeup artists near me in Southbank, Melbourne | Fresha"",""url"":""https://www.fresha.com/lp/en/tt/makeup-artists/in/au-melbourne/southbank""},{""position"":6,""title"":""THE BEST 10 Make Up Artists in Southbank, Victoria"",""url"":""https://www.localbusinessguide.com.au/victoria/southbank/hair-and-beauty/make-up-artists/""},{""position"":7,""title"":""Mobile Professional Hair & Makeup Artist in South Melbourne, CBD"",""url"":""https://www.bellezzaseduction.com.au/""},{""position"":8,""title"":""THE BEST 10 MAKEUP ARTISTS near SOUTHBANK, MELBOURNE VICTORIA, AUSTRALIA - Updated 2025 - Hours - Yelp"",""url"":""https://www.yelp.com/search?cflt=makeupartists&find_loc=Southbank,+Melbourne+Victoria""},{""position"":9,""title"":""Best Make-up Artists in Southbank | Bookwell"",""url"":""https://www.bookwell.com.au/book/face/makeup/southbank/3006""},{""position"":10,""title"":""TOP 10 BEST Cosmetics near Southbank, Melbourne Victoria, Australia - Updated 2026 - Yelp"",""url"":""https://www.yelp.com/search?find_desc=Cosmetics+&+Beauty+Supply=&find_loc=Southbank%2C+VIC""}]"
"9","hotel makeup artist Melbourne CBD","checked","checked","10","","[]","[{""position"":1,""title"":""Hi everyone, my name is Natalie Gia 🤍 I'm a professional ..."",""url"":""https://www.facebook.com/groups/melbourneweddingsandbrides/posts/4400025106810520""},{""position"":2,""title"":""Elizabeth Surtees Creative Makeup Artist Melbourne"",""url"":""https://www.elizabeth-surtees.com/""},{""position"":3,""title"":""Alana MUHA | Melbourne Makeup & Hair Artist"",""url"":""https://www.alanamuha.com/""},{""position"":4,""title"":""Melbourne CBD Professional Makeup Studio - Kryolan"",""url"":""https://www.kryolan.com.au/kryolan-makeup-studio-melbourne""},{""position"":5,""title"":""Hair and Makeup Artist Melbourne | Glamour Studios"",""url"":""https://glamourstudios.com.au/""},{""position"":6,""title"":""By Natasha | Makeup Artist Melbourne | Essendon & Moonee Ponds"",""url"":""https://www.bynatasha.com.au/""},{""position"":7,""title"":""Claire Mel Makeup (@clairemelmakeup)"",""url"":""https://www.facebook.com/clairemelmakeup""},{""position"":8,""title"":""LAILA TALEB (@beautyby.laila)"",""url"":""https://www.instagram.com/beautyby.laila?hl=en""},{""position"":9,""title"":""About – Simone Lee Brennan"",""url"":""https://simoneleebrennan.com/about""},{""position"":10,""title"":""SC Makeup Artistry | Makeup Artist Melbourne"",""url"":""https://www.scmakeupartistry.info/""}]"
"9","makeup appointment Southbank studio","checked","checked","9","","[]","[{""position"":1,""title"":""\n    Beauty Details –  NATASHAS SKIN SPA\n  "",""url"":""https://www.natashas.com.au/pages/beauty-details""},{""position"":2,""title"":""Artistry By Maria | Professional Bridal Makeup Artist & Educator Melbourne – Contact"",""url"":""https://www.artistrybymaria.com/contact""},{""position"":3,""title"":""Artistry By Maria | Professional Bridal Makeup Artist & Educator Melbourne – Terms"",""url"":""https://www.artistrybymaria.com/terms""},{""position"":4,""title"":""Yasmin Lu Artistry | Melbourne [ Book now ]"",""url"":""https://yasminluartistry.setmore.com/""},{""position"":5,""title"":""southbank.ai · marketing for PMU and SMP artists"",""url"":""https://www.southbank.ai/""},{""position"":6,""title"":""Schedule Appointment"",""url"":""https://app.acuityscheduling.com/schedule.php?owner=19042086""},{""position"":7,""title"":""Artistry By Maria | Professional Bridal Makeup Artist & Educator Melbourne – Lessons"",""url"":""https://www.artistrybymaria.com/lessons""},{""position"":8,""title"":""Contact Beauty Glam Studio | Schedule Your Appointment"",""url"":""https://www.beautyglamstudio.com/contact/""},{""position"":9,""title"":""\n    MAKEUP ARTISTRY –  NATASHAS SKIN SPA\n  "",""url"":""https://www.natashas.com.au/pages/makeup-artistry""}]"
"9","makeup studio near Melbourne CBD","checked","checked","10","","[]","[{""position"":1,""title"":""Melbourne CBD Professional Makeup Studio - Kryolan"",""url"":""https://www.kryolan.com.au/kryolan-makeup-studio-melbourne""},{""position"":2,""title"":""\n      Makeup & Beauty Lounge | Moonee Ponds Lash, Brow & Makeup Studio\n"",""url"":""https://makeupandbeautylounge.com.au/""},{""position"":3,""title"":""Facebar Melbourne | Professional Makeup Studio in Moonee Ponds"",""url"":""https://facebarmelbourne.com.au/""},{""position"":4,""title"":""M1 Med Beauty Australia in Sydney CBD & Melbourne CBD"",""url"":""https://www.m1-beauty.com.au/""},{""position"":5,""title"":""Melb Art Beauty | Scheduling and Booking Website"",""url"":""https://melbartbeauty.com.au/""},{""position"":6,""title"":""Hair and Makeup Artist Melbourne | Glamour Studios"",""url"":""https://glamourstudios.com.au/""},{""position"":7,""title"":""Free Consultation | Port Melbourne Skin and Cosmetic Treatments — Platinum Cosmetics"",""url"":""https://platinumcosmetics.com.au/free-consultation""},{""position"":8,""title"":""Two Birds - Hair & Beauty Salon in Melbourne, Australia"",""url"":""https://twobirdshairandbeautysalon.com/""},{""position"":9,""title"":""Mels Lash Studio - Square"",""url"":""https://melslashstudio.square.site/""},{""position"":10,""title"":""Makeup"",""url"":""https://www.styleseat.com/m/search/melbourne-fl/makeup""}]"
"9","wedding guest makeup Melbourne","checked","checked","10","","[]","[{""position"":1,""title"":""Wedding Gallery — Melbourne Fashion & Bridal Makeup & Hair | May VL"",""url"":""https://www.mayvlmakeup.com/weddinggallery""},{""position"":2,""title"":""Makeup - Beauty On Melbourne"",""url"":""https://beautyonmelbourne.com.au/services/makeup""},{""position"":3,""title"":""Magical Makeovers - Melbourne Bridal Makeup & Hairstyling"",""url"":""https://magicalmakeovers.com.au/""},{""position"":4,""title"":""Wedding Makeup & Hair Melbourne | Marie Le"",""url"":""https://www.marielemua.site/melbourne-bridal-makeup-hair""},{""position"":5,""title"":""Mobile Makeup Artist And Hairstylist Melbourne | Bridal Makeup Artist | Peggy Stasinos"",""url"":""https://pstasinosmakeup.com.au/""},{""position"":6,""title"":""Make Up Melbourne | Makeup for Function, Events and Parties - Melbourne Henna"",""url"":""http://www.melbournehenna.com.au/services/dressing-up/makeup.html""},{""position"":7,""title"":""Wedding Hair & Makeup | Tonic Agency | Melbourne, Australia"",""url"":""https://www.tonicagency.com.au/weddings""},{""position"":8,""title"":""Airyymakeup — Bridal Makeup Artist Melbourne"",""url"":""https://airyymakeup.com/""},{""position"":9,""title"":""HOME | Makeup by Lyna | Melbourne Bridal Makeup Artist & Hairstylist"",""url"":""https://www.makeupbylyna.com.au/""},{""position"":10,""title"":""Melbourne Mobile Wedding Hair & Makeup Services Privé Hair & Makeup https://privehairaustralia.com.au › wedding"",""url"":""https://privehairaustralia.com.au/mobile-hair-and-makeup-melbourne/wedding""}]"
"9","festival makeup Melbourne","checked","checked","10","","[]","[{""position"":1,""title"":""Smashbox Cosmetics Launches New Dual Filter Concealer + Foundation with Studio Pop-Up Event in Melbourne"",""url"":""https://finance.yahoo.com/media-advertising/articles/smashbox-cosmetics-launches-dual-filter-233100812.html""},{""position"":2,""title"":""Smashbox Cosmetics Launches New Dual Filter Concealer + Foundation with Studio Pop-Up Event in Melbourne"",""url"":""https://www.prnewswire.com/apac/news-releases/smashbox-cosmetics-launches-new-dual-filter-concealer--foundation-with-studio-pop-up-event-in-melbourne-302885318.html""},{""position"":3,""title"":""Facebar Melbourne | Professional Makeup Studio in Moonee Ponds"",""url"":""https://facebarmelbourne.com.au/""},{""position"":4,""title"":""Makeup in Melbourne | Kiwis overseas | Te Ara Encyclopedia of New Zealand"",""url"":""https://teara.govt.nz/en/photograph/888/makeup-in-melbourne""},{""position"":5,""title"":""Makeup Melbourne - Mugeek Vidalondon"",""url"":""https://mugeek.vidalondon.net/makeup-melbourne""},{""position"":6,""title"":""Hair Stylists & Makeup Artists in Melbourne from $65. Free Lashes ❤️"",""url"":""https://flayr.com.au/vic/melbourne/hair-and-makeup-artists-melbourne""},{""position"":7,""title"":""Best Makeup for Festival Season | Heat-Proof Tips & Products | Viktoria @vioda.makeup"",""url"":""https://vioda.makeup/blog/best-makeup-for-festival-season""},{""position"":8,""title"":""melbourne fashion festival is coming up so here are some ..."",""url"":""https://www.instagram.com/reel/DcFm_SShU8K""},{""position"":9,""title"":""Our Makeup Looks - Facebar Melbourne"",""url"":""https://facebarmelbourne.com.au/our-makeup-looks""},{""position"":10,""title"":""Instagram"",""url"":""https://www.instagram.com/reel/Dc-1-DJPZqF/""}]"
"10","cultural makeup Melbourne","checked","checked","10","","[]","[{""position"":1,""title"":""Guide to multicultural Melbourne | City of Melbourne"",""url"":""https://www.melbourne.vic.gov.au/news/guide-multicultural-melbourne""},{""position"":2,""title"":""Multicultural communities"",""url"":""https://www.melbourne.vic.gov.au/multicultural-communities""},{""position"":3,""title"":""Culture of Melbourne - Wikipedia"",""url"":""https://en.wikipedia.org/wiki/Culture_of_Melbourne""},{""position"":4,""title"":""Students’ guide to Melbourne culture – Iglu"",""url"":""https://www.stg.iglu.com.au/melbourne-traditions""},{""position"":5,""title"":""CULTURE MAKERS - Melbourne"",""url"":""https://museumsvictoria.com.au/media/3s3fwzss/culture-makers.pdf""},{""position"":6,""title"":""Museums, Art and culture, Melbourne, Victoria, Australia"",""url"":""https://www.visitvictoria.com/regions/melbourne/see-and-do/art-and-culture/museums""},{""position"":7,""title"":""[PDF] BCG Melbourne as a Global Cultural Destination (Summary for CV ..."",""url"":""https://creative.vic.gov.au/__data/assets/pdf_file/0007/2107690/BCG-Melbourne-as-a-Global-Cultural-Destination-Summary-for-CV-website.pdf""},{""position"":8,""title"":"""",""url"":""http://britannica.com/place/Melbourne""},{""position"":9,""title"":""Arts and culture | City of Melbourne"",""url"":""https://www.melbourne.vic.gov.au/arts-and-culture""},{""position"":10,""title"":""Global search result | City of Melbourne"",""url"":""https://www.melbourne.vic.gov.au/search""}]"
"10","festival makeup artist Melbourne","checked","checked","10","","[]","[{""position"":1,""title"":""Jess G Artistry"",""url"":""https://jessgartistry.com.au/""},{""position"":2,""title"":""Hi everyone, my name is Natalie Gia 🤍 I'm a professional ..."",""url"":""https://www.facebook.com/groups/melbourneweddingsandbrides/posts/4400025106810520""},{""position"":3,""title"":""  BIO - MERTON MUAREMI MELBOURNE MAKEUP ARTIST & HAIR STYLIST"",""url"":""https://www.mertonmuaremi.com/bio.html""},{""position"":4,""title"":""Seven local makeup artists to follow for Halloween inspiration"",""url"":""https://fashionjournal.com.au/beauty/halloween-makeup-inspiration""},{""position"":5,""title"":""Alana MUHA | Melbourne Makeup & Hair Artist"",""url"":""https://www.alanamuha.com/""},{""position"":6,""title"":""LAILA TALEB (@beautyby.laila)"",""url"":""https://www.instagram.com/beautyby.laila?hl=en""},{""position"":7,""title"":""Lucy Makeup Artistry"",""url"":""https://www.lucymakeupartistry.com/""},{""position"":8,""title"":""Vanessa Bate MUA "",""url"":""https://www.vanessabatemua.com/""},{""position"":9,""title"":"".SC. | MELBOURNE MAKEUP ARTIST (@stephaniecahyadimua) • Instagram photos and videos"",""url"":""https://www.instagram.com/stephaniecahyadimua""},{""position"":10,""title"":""ADELLE MARIAH (@adellemariahmakeup)"",""url"":""https://www.instagram.com/adellemariahmakeup?hl=en""}]"
"10","bridal makeup and lashes Melbourne","checked","checked","10","","[]","[{""position"":1,""title"":""How To Wedding & Bridal Makeup | Maybelline Australia & NZ"",""url"":""https://www.maybelline.com.au/makeup-tips/makeup-look/wedding-bridal-makeup""},{""position"":2,""title"":""Airyymakeup — Bridal Makeup Artist Melbourne"",""url"":""https://airyymakeup.com/""},{""position"":3,""title"":""Melbourne Fashion & Bridal Makeup & Hair | May VL"",""url"":""https://www.mayvlmakeup.com/""},{""position"":4,""title"":""Bridal Hair & Makeup Artist in Melbourne | Soft Glam Weddings — Amy Bysouth"",""url"":""https://www.amybysouth.com/bridal""},{""position"":5,""title"":""Mobile Makeup Artist And Hairstylist Melbourne | Bridal Makeup Artist | Peggy Stasinos"",""url"":""https://pstasinosmakeup.com.au/""},{""position"":6,""title"":""Wedding Gallery — Melbourne Fashion & Bridal Makeup & Hair | May VL"",""url"":""https://www.mayvlmakeup.com/weddinggallery""},{""position"":7,""title"":""Magical Makeovers - Melbourne Bridal Makeup & Hairstyling"",""url"":""https://magicalmakeovers.com.au/""},{""position"":8,""title"":""Once Upon a Bride – MELBOURNE HAIR & MAKEUP ARTIST"",""url"":""https://onceuponabride.com.au/""},{""position"":9,""title"":""\n      MAKE UP SERVICES\n – DCE Cosmetics"",""url"":""https://dcecosmetics.com.au/pages/make-up-services""},{""position"":10,""title"":""Bridal Makeup Melbourne | Elise Bysouth — Elise Bysouth"",""url"":""https://www.elisebysouth.com/bridal""}]"
"10","makeup artist for all skin tones Melbourne","checked","checked","10","","[]","[{""position"":1,""title"":""Marielou Creatives | Melbourne Makeup Artist - UGC creator"",""url"":""https://www.marielou.com.au""},{""position"":2,""title"":""Find 29 Best-Rated Makeup Artists in Melbourne | Airtasker AU"",""url"":""https://www.airtasker.com/au/services/makeup-artist/melbourne/""},{""position"":3,""title"":""The 10 Best Makeup Artists in Melbourne, VIC - Oneflare"",""url"":""https://www.oneflare.com.au/makeup-artists/vic/melbourne""},{""position"":4,""title"":""The 10 Best Makeup Artists in Melbourne, VIC, Australia (2023) - Peerspace"",""url"":""https://www.peerspace.com/au/resources/makeup-artists-melbourne/""},{""position"":5,""title"":""THE BEST 10 Makeup Artists in MELBOURNE VICTORIA, AUSTRALIA - Updated 2026 - Hours - Yelp"",""url"":""https://www.yelp.com/search?cflt=makeupartists&find_loc=Melbourne+Victoria""},{""position"":6,""title"":""The 10 Best Makeup Artists in Melbourne, FL (with Free Estimates)"",""url"":""https://www.thumbtack.com/fl/melbourne/makeup-artists""},{""position"":7,""title"":""Best Makeup Artists near me in Melbourne, Melbourne | Fresha"",""url"":""https://www.fresha.com/lp/en/tt/makeup-artists/in/au-melbourne/melbourne""},{""position"":8,""title"":""Makeup Artists / Key Make-Up in Melbourne, Florida"",""url"":""https://www.productionhub.com/directory/profiles/makeup-artists-key-make-up/us/florida/melbourne""},{""position"":9,""title"":""Best Australian Makeup Artists | Famous, Professional Influencers in Sydney & Melbourne | Bridal Makeup | Wedding Beauty Artists | THE WED"",""url"":""https://thewed.com/magazine/15-best-makeup-artists-in-australia""},{""position"":10,""title"":""Professional Makeup Artist Moonee Ponds | Event Makeup Melbourne – Makeup & Beauty Lounge"",""url"":""https://makeupandbeautylounge.com.au/pages/makeup-artist-moonee-ponds""}]"
"10","book makeup artist Melbourne","checked","checked","10","","[]","[{""position"":1,""title"":""  BIO - MERTON MUAREMI MELBOURNE MAKEUP ARTIST & HAIR STYLIST"",""url"":""https://www.mertonmuaremi.com/bio.html""},{""position"":2,""title"":""Alana MUHA | Melbourne Makeup & Hair Artist"",""url"":""https://www.alanamuha.com/""},{""position"":3,""title"":""Dana Leviston • Hair & Makeup Artist"",""url"":""http://www.dana-leviston.com/""},{""position"":4,""title"":""Yasmin Lu Artistry | Melbourne [ Book now ]"",""url"":""https://yasminluartistry.setmore.com/""},{""position"":5,""title"":""Rachel Morrison Makeup | Melbourne Makeup Artist & Hair Stylist"",""url"":""https://rmorrisonmakeup.com/""},{""position"":6,""title"":""Yasmin Lu Artistry | Melbourne [ Book now ]"",""url"":""https://yasminluartistry.setmore.com/book""},{""position"":7,""title"":""Elizabeth Surtees Creative Makeup Artist Melbourne"",""url"":""https://www.elizabeth-surtees.com/""},{""position"":8,""title"":""By Natasha | Makeup Artist Melbourne | Essendon & Moonee Ponds"",""url"":""https://www.bynatasha.com.au/""},{""position"":9,""title"":""  In2yourBeauty Makeup Artistry in Melbourne, FL\n"",""url"":""https://square.site/book/FMFFP7V2C4YCH/in2yourbeauty-makeup-artistry-melbourne-fl""},{""position"":10,""title"":""Makeup Artists With Prices in Melbourne, FL The Knot https://www.theknot.com › marketplace › makeup-artist"",""url"":""https://www.theknot.com/marketplace/beauty-services-melbourne-fl/makeup-artist""}]"
"10","book bridal makeup Melbourne","checked after retry","failed","10","","[]","[{""position"":1,""title"":""Bridal Makeup Melbourne | Elise Bysouth — Elise Bysouth"",""url"":""https://www.elisebysouth.com/bridal""},{""position"":2,""title"":""Artistry By Maria | Professional Bridal Makeup Artist & Educator Melbourne – Bridal"",""url"":""https://www.artistrybymaria.com/bridal""},{""position"":3,""title"":""Melbourne Bridal Makeup Artist - Ellie Davidson Beauty"",""url"":""https://www.elliedavidsonbeauty.com/bridal""},{""position"":4,""title"":""Bridal Makeup & Hair Melbourne | Nie Makeup Artist"",""url"":""https://www.niemakeup.com/bridal""},{""position"":5,""title"":""Bridal | Ashleigh Fenton Melbourne — Ashleigh Fenton"",""url"":""https://www.ashleighfenton.com/services-bridal""},{""position"":6,""title"":""BOOK NOW | Makeup by Lyna | Melbourne Bridal Makeup Artist & Hairstylist"",""url"":""https://www.makeupbylyna.com.au/book-now""},{""position"":7,""title"":""The Distinctive Dame | Melbourne [ Book now ]"",""url"":""https://thedistinctivedamebookings.setmore.com/""},{""position"":8,""title"":""By Madeline Makeup – bymadelinemakeup"",""url"":""https://www.bymadelinemua.com/""},{""position"":9,""title"":""Wedding Makeup & Hair Melbourne | Marie Le"",""url"":""https://www.marielemua.site/melbourne-bridal-makeup-hair""},{""position"":10,""title"":""Melbourne Bridal Makeup - Nanette Hair and Makeup | Luxury Bridal Hair & Makeup Artist in Melbourne"",""url"":""https://nanette.net.au/author/melbournebridalmakeup""}]"
"10","makeup artist Melbourne prices","checked","checked","10","","[]","[{""position"":1,""title"":""Facebar Melbourne | Professional Makeup Studio in Moonee Ponds"",""url"":""https://facebarmelbourne.com.au/""},{""position"":2,""title"":""Best Makeup Artists near me in Scoresby, Melbourne | Fresha"",""url"":""https://www.fresha.com/lp/en/tt/makeup-artists/in/au-melbourne/scoresby""},{""position"":3,""title"":""Find 30 Best-Rated Makeup Artists in Melbourne | Airtasker AU"",""url"":""https://www.airtasker.com/au/services/makeup-artist/melbourne""},{""position"":4,""title"":""Find 5 Best-Rated Makeup Artists in West Melbourne | Airtasker AU"",""url"":""https://www.airtasker.com/au/services/makeup-artist/west-melbourne-vic""},{""position"":5,""title"":""In2yourbeauty Makeup Artistry, 509 North Harbor City Boulevard, Melbourne, FL (2026)"",""url"":""https://www.beautynailhairsalons.com/US/Melbourne/119486638229225/In2yourbeauty-Makeup-Artistry""},{""position"":6,""title"":""How Much Does a Makeup Application Cost: Exploring Makeup Prices in Melbourne"",""url"":""https://www.melbournemakeupartist.com/post/how-much-does-a-makeup-application-cost-exploring-makeup-prices-in-melbourne-for-2026""},{""position"":7,""title"":""Makeup Artist Helen | Bridal Hair and Makeup | Melbourne"",""url"":""https://www.makeupartisthelen.com/""},{""position"":8,""title"":""Hair Stylists & Makeup Artists in Melbourne from $65. Free Lashes ❤️"",""url"":""https://flayr.com.au/vic/melbourne/hair-and-makeup-artists-melbourne""},{""position"":9,""title"":""Top 25 Bridal Beauty Salons in Melbourne | Vogue Ballroom"",""url"":""https://vogueballroom.com.au/wedding-beauty-salon-melbourne/""},{""position"":10,""title"":""Makeup by Ellyse | Spas/beauty/personal Care | Melbourne"",""url"":""https://au.locale.online/makeup-by-ellyse-853020783.html""}]"
"10","soft glam makeup Melbourne price","checked","checked","10","","[]","[{""position"":1,""title"":""Soft Glam Makeup Collection  | e.l.f. Cosmetics"",""url"":""https://www.elfcosmetics.com/collections/soft-glam-collection""},{""position"":2,""title"":""e.l.f. Soft Glam Under Eye Brightening Corrector - $5 | e.l.f. Cosmetics"",""url"":""https://www.elfcosmetics.com/products/soft-glam-brightening-corrector""},{""position"":3,""title"":""Soft Glam Satin Foundation - Medium Coverage | e.l.f. Cosmetics"",""url"":""https://www.elfcosmetics.com/products/soft-glam-satin-foundation""},{""position"":4,""title"":""Glamagency | Melbourne Hair & Makeup Agency"",""url"":""https://www.glamagency.com.au/""},{""position"":5,""title"":""e.l.f. Cosmetics - Muted Mauve Soft Glam Cream Blush | Ulta Beauty"",""url"":""https://www.ulta.com/p/soft-glam-cream-blush-pimprod2059224?sku=2656593""},{""position"":6,""title"":""Signature glam Makeup Artist | Book Online with StyleSeat"",""url"":""https://www.styleseat.com/m/v/signatureglam""},{""position"":7,""title"":""e.l.f. Cosmetics - Pink On It Soft Glam Cream Blush | Ulta Beauty"",""url"":""https://www.ulta.com/p/soft-glam-cream-blush-pimprod2059224?sku=2656587""},{""position"":8,""title"":""Gallery | Shop Co."",""url"":""https://skintransparency.square.site/gallery""},{""position"":9,""title"":""e.l.f. Cosmetics - 11 Fair Neutral Soft Glam Satin Foundation | Ulta Beauty"",""url"":""https://www.ulta.com/p/soft-glam-satin-foundation-pimprod2046118?sku=2624375""},{""position"":10,""title"":""Beauty on a Budget: Affordable Makeup Finds Under $10 | e.l.f. Cosmetics"",""url"":""https://www.elfcosmetics.com/blogs/the-elf-word/affordable-makeup-products""}]"
"10","editorial makeup Southbank","checked","checked","10","","[]","[{""position"":1,""title"":""Jude Kelly: what the Southbank Centre's artistic director ..."",""url"":""https://www.ft.com/content/f7123078-f376-11e6-95ee-f14e55513608""},{""position"":2,""title"":""Glen Wilson - Writer and editor and digital content expert"",""url"":""https://linkedin.com/in/glen-wilson-a9b7832b""},{""position"":3,""title"":""southbank.ai · marketing for PMU and SMP artists"",""url"":""https://www.southbank.ai/""},{""position"":4,""title"":""Makeup Artist Southbank Brisbane - Mugeek Vidalondon"",""url"":""https://mugeek.vidalondon.net/makeup-artist-southbank-brisbane""},{""position"":5,""title"":""\n    Beauty Details –  NATASHAS SKIN SPA\n  "",""url"":""https://www.natashas.com.au/pages/beauty-details""},{""position"":6,""title"":""Editorial Portfolio - Pretty Day Beauty Co."",""url"":""https://prettyday.ca/editorial-portfolio""},{""position"":7,""title"":""Natalie Jane"",""url"":""https://www.nataliejanemakeup.com/home""},{""position"":8,""title"":""South Bank, Grace Bay Resorts in Turks & Caicos Featured by TheLu"",""url"":""https://natlawreview.com/press-releases/south-bank-grace-bay-resorts-turks-caicos-featured-theluxelistcom""},{""position"":9,""title"":""Services Bridal, Editorial and Social Makeup Services - Makeup by Gabi"",""url"":""https://makeupbygabi.com/services""},{""position"":10,""title"":""Editorial & Fashion"",""url"":""https://www.makeupandtalenthawaii.com/editorial-fashion""}]"
"10","makeup for special occasions Melbourne","checked","checked","10","","[]","[{""position"":1,""title"":""Our Makeup Looks - Facebar Melbourne"",""url"":""https://facebarmelbourne.com.au/our-makeup-looks/""},{""position"":2,""title"":""Makeup | Melbourne Hair Society"",""url"":""https://www.melbournehairsociety.com.au/makeup""},{""position"":3,""title"":""Make Up Melbourne | Makeup for Function, Events and Parties - Melbourne Henna"",""url"":""http://www.melbournehenna.com.au/services/dressing-up/makeup.html""},{""position"":4,""title"":""Melissa M Makeup Artist  I Melbourne Makeup Artist"",""url"":""https://www.melissammakeupartistry.com/""},{""position"":5,""title"":""Wedding Gallery — Melbourne Fashion & Bridal Makeup & Hair | May VL"",""url"":""https://www.mayvlmakeup.com/weddinggallery""},{""position"":6,""title"":""Makeup Artist Melbourne - Studio & Mobile Services | Nie Makeup Artist"",""url"":""https://www.niemakeup.com/services""},{""position"":7,""title"":""Merry May Makeup & Hair"",""url"":""https://www.merrymaymakeup.com/cart""},{""position"":8,""title"":""Karly Drever - Mobile Makeup Professional Melbourne"",""url"":""https://www.makeupprofessional.com.au/""},{""position"":9,""title"":""Services - Nanette Hair and Makeup | Luxury Bridal Hair & Makeup Artist in Melbourne"",""url"":""https://nanette.net.au/services""},{""position"":10,""title"":""\nGallery - helen_mourad_makeup"",""url"":""http://www.helenmourad.com.au/gallery""}]"
